Workbook

Sheet Xülasə (Investor)
A1: FEEDRATE — İNVESTOR XÜLASƏSİ
A2: CNC frezeleme & 3D-çap üçün anında qiymət → sifariş → supplier istehsalı → çatdırılma platforması
A4: İNVESTİSİYA TƏLƏBİ
A5: Tələb olunan investisiya (seed) — buferlə | B5: =ROUND(MAX(0,'Fərziyyələr'!B24-MIN('36 Aylıq Maliyyə'!W3:W38))*1.15,-3) | D5: Ən dərin kassa çuxuru + 15% bufer
A6: Başlanğıc kapital (modeldə qoyulan) | B6: ='Fərziyyələr'!B24 | D6: Fərziyyələr!B24-də dəyiş
A7: Ən aşağı kassa nöqtəsi (runway dibi) | B7: =MIN('36 Aylıq Maliyyə'!W3:W38) | D7: Bu müsbət qalmalıdır
A8: Breakeven ayı (ilk müsbət NET) | B8: =MATCH(TRUE,INDEX('36 Aylıq Maliyyə'!V3:V38>0,0),0) | D8: Ay nömrəsi
A10: HARDA OLACAĞIQ — 18 və 36 AY
A11: Göstərici | B11: 12 ay | C11: 18 ay | D11: 24 ay | E11: 36 ay
A12: Aylıq gəlir (MRR-ə bənzər) $ | B12: ='36 Aylıq Maliyyə'!K14 | C12: ='36 Aylıq Maliyyə'!K20 | D12: ='36 Aylıq Maliyyə'!K26 | E12: ='36 Aylıq Maliyyə'!K38
A13: İllik run-rate (ARR ≈ gəlir×12) $ | B13: ='36 Aylıq Maliyyə'!K14*12 | C13: ='36 Aylıq Maliyyə'!K20*12 | D13: ='36 Aylıq Maliyyə'!K26*12 | E13: ='36 Aylıq Maliyyə'!K38*12
A14: Aylıq sifariş sayı | B14: ='36 Aylıq Maliyyə'!D14 | C14: ='36 Aylıq Maliyyə'!D20 | D14: ='36 Aylıq Maliyyə'!D26 | E14: ='36 Aylıq Maliyyə'!D38
A15: İstehsal GMV (aylıq) $ | B15: ='36 Aylıq Maliyyə'!E14 | C15: ='36 Aylıq Maliyyə'!E20 | D15: ='36 Aylıq Maliyyə'!E26 | E15: ='36 Aylıq Maliyyə'!E38
A16: Ödənişli abunəçi | B16: ='36 Aylıq Maliyyə'!G14 | C16: ='36 Aylıq Maliyyə'!G20 | D16: ='36 Aylıq Maliyyə'!G26 | E16: ='36 Aylıq Maliyyə'!G38
A17: Aylıq NET $ | B17: ='36 Aylıq Maliyyə'!V14 | C17: ='36 Aylıq Maliyyə'!V20 | D17: ='36 Aylıq Maliyyə'!V26 | E17: ='36 Aylıq Maliyyə'!V38
A18: Yığılmış kassa $ | B18: ='36 Aylıq Maliyyə'!W14 | C18: ='36 Aylıq Maliyyə'!W20 | D18: ='36 Aylıq Maliyyə'!W26 | E18: ='36 Aylıq Maliyyə'!W38
A19: Komanda (nəfər) | B19: ='36 Aylıq Maliyyə'!L14 | C19: ='36 Aylıq Maliyyə'!L20 | D19: ='36 Aylıq Maliyyə'!L26 | E19: ='36 Aylıq Maliyyə'!L38
A21: İstifadə yönü: komanda ~%55 · məhsul/infra ~%15 · marketinq ~%20 · əməliyyat/inzibati ~%10
A22: Valyuta USD (AZN üçün ×1.70). Bütün rəqəmlər «Fərziyyələr»dən avtomatik hesablanır.

Sheet Necə İşləyir (axın)
A1: MƏHSUL AXINI — QİYMƏTDƏN ÇATDIRILMAYA
A2: Addım | B2: Mərhələ | C2: Nə baş verir | D2: Bizim gəlir / rol
A3: 1 | B3: Model | C3: İstifadəçi: (a) kitabxanadan hazır model seçir, (b) brauzer CAD-da qurur, və ya (c) öz STL/STEP faylını yükləyir | D3: Abunə (CAD/alət istifadəsi)
A4: 2 | B4: Anında qiymət | C4: Material, ölçü, miqdar, emal vaxtı əsasında saniyələrlə qiymət | D4: —
A5: 3 | B5: Sifariş + ödəniş | C5: İstifadəçi sifariş verir və tam məbləği ödəyir (Stripe) | D5: Ödənişi biz toplayırıq
A6: 4 | B6: Supplier marşrutlaşdırma | C6: Sifariş ən uyğun supplier emalatxanasına (CNC/3D-print) yönləndirilir | D6: Supplier şəbəkəsi
A7: 5 | B7: İstehsal | C7: Supplier hissəni hazırlayır; biz statusu izləyirik | D7: Order ops koordinasiya
A8: 6 | B8: Keyfiyyət + çatdırılma | C8: Keyfiyyət yoxlanışı → çatdırılma müştəriyə | D8: Keyfiyyət/logistika
A9: 7 | B9: Hesablaşma | C9: Supplier-ə payout (Stripe Connect); biz marjanı saxlayırıq | D9: İSTEHSAL MARJASI ~20%
A10: 8 | B10: Dizayn satışı (opsional) | C10: Dizayner öz modelini listing kimi satır | D10: DİZAYN KOMİSSİYA ~8%
B12: 3 GƏLİR MƏNBƏYİ:
B13: 1) İstehsal marjası (əsas): sifariş GMV × ~20%
B14: 2) Abunə (SaaS): CAD + qiymət alətləri, $9–$99/ay
B15: 3) Dizayn marketplace komissiya: ~8%

Sheet Komanda & Rollar
A1: KOMANDA, ROLLAR, MAAŞLAR (aylıq brüt USD) — kim nə edir
A2: # | B2: Rol / Vəzifə | C2: Başlama | D2: Əsas məsuliyyət | E2: Maaş $ | F2: Tip
A3: 1 | B3: CEO / Təsisçi | C3: Ay 1 | D3: Strategiya, investor, partnyorluq, supplier müqavilələri, ümumi idarəetmə | E3: 1500 | F3: Tam
A4: 2 | B4: CTO / Lead CAD developer | C4: Ay 1 | D4: Brauzer CAD (Three.js+CSG), qiymət mühərriki, arxitektura, kod nəzarəti | E4: 2500 | F4: Tam
A5: 3 | B5: Frontend developer | C5: Ay 2 | D5: UI, qaleriya, redaktor, sifariş axını, paket/limit ekranları | E5: 1500 | F5: Tam
A6: 4 | B6: UI/UX designer | C6: Ay 4 | D6: Dizayn sistemi, sifariş & checkout UX, marketplace UX, brendli PDF | E6: 1200 | F6: Tam
A7: 5 | B7: Backend developer | C7: Ay 4 | D7: Auth, DB, sifariş/ödəniş, Stripe Connect payout, API, anti-abuse | E7: 1800 | F7: Tam
A8: 6 | B8: Operations / Supplier Manager | C8: Ay 6 | D8: Supplier şəbəkəsi: cəlb, müqavilə, qiymət, keyfiyyət standartı, marşrutlaşdırma | E8: 1400 | F8: Tam
A9: 7 | B9: Marketinq / Growth | C9: Ay 7 | D9: SEO, kontent, icma, reklam, CAC/LTV, konversiya optimallaşdırma | E9: 1500 | F9: Tam
A10: 8 | B10: Financist / Mühasib | C10: Ay 7 | D10: Büdcə, cash-flow, vergi/SSF, payout uzlaşma, investor maliyyə paneli | E10: 600 | F10: Part-time
A11: 9 | B11: 3D / CAD kontent mütəxəssisi | C11: Ay 10 | D11: Model kitabxanası, lisenziya yoxlaması, parametrik şablon, moderasiya | E11: 900 | F11: Tam
A12: 10 | B12: Order ops / Logistika | C12: Ay 10 | D12: Sifariş izləmə, supplier koordinasiya, çatdırılma, keyfiyyət yoxlama, qaytarma | E12: 900 | F12: Tam
A13: 11 | B13: Müştəri dəstəyi | C13: Ay 13 | D13: Dəstək, onboarding, bug triage, sifariş/marketplace mübahisələri | E13: 800 | F13: Tam
A14: 12 | B14: Frontend / QA developer #2 | C14: Ay 19 | D14: Yeni funksiyalar, test, keyfiyyət, performans, CAD v2 | E14: 1500 | F14: Tam
A15: 13 | B15: Sales / BizDev | C15: Ay 25 | D15: Business/API satışı, B2B, iri supplier & korporativ partnyorluq | E15: 1500 | F15: Tam
D16: Tam komanda aylıq brüt (hamısı işə düşəndə): | E16: =SUM(E3:E15)
B18: Qeyd: brüt USD. Faktiki işəgötürən xərci = brüt × 1.25 (vergi/SSF, Fərziyyələr!B17).

Sheet Aylıq İş Planı
A1: FAZALI İŞ PLANI — KİM NƏ EDİR / NƏ ÇATDIRILIR
A2: Dövr | B2: Faza | C2: Kim nə edir | D2: Çatdırılma
A3: Ay 1–3 | B3: Təməl | C3: CEO: kapital, hüquqi qeydiyyat, ilk supplier danışıqları. CTO: arxitektura + qiymət mühərriki + 3D. Frontend: əsas UI + quote. | D3: Auth + DB + limit + işlək quote/3D
A4: Ay 3–5 | B4: Kitabxana + ödəniş | C4: CTO/Frontend: model qaleriyası + parametrik ölçü. Backend: Stripe sifariş/ödəniş. UI/UX: checkout axını. | D4: Lisenziyalı model + sifariş & ödəniş axını
A5: Ay 5–7 | B5: Supplier şəbəkəsi | C5: Ops/Supplier Manager: ilk emalatxanaları cəlb, qiymət/keyfiyyət razılaşması, marşrutlaşdırma. Backend: Stripe Connect payout. | D5: İlk supplier-lərlə canlı sifariş icrası
A6: Ay 7–10 | B6: CAD MVP + marketinq | C6: CTO: three-bvh-csg redaktor (export). Marketinq: SEO + launch. Frontend: redaktor UI. | D6: Brauzer CAD v1 + ilk müştəri axını
A7: Ay 10–14 | B7: Marketplace + əməliyyat | C7: Order ops/Logistika: sifariş izləmə, keyfiyyət, çatdırılma. 3D kontent: kitabxana. Dəstək: onboarding. | D7: Tam sifariş→supplier→çatdırılma dövrü
A8: Ay 14–24 | B8: Böyümə | C8: Marketinq: CAC/LTV, kanallar. Ops: daha çox supplier, regional əhatə. Financist: aylıq hesabat, runway. | D8: Breakeven-ə çatma, supplier şəbəkəsi genişlənir
A9: Ay 24–36 | B9: Miqyas & B2B | C9: Sales/BizDev: Business/API, korporativ. CTO: STEP export, API. Komanda: stabil əməliyyat. | D9: B2B müştərilər, beynəlxalq genişlənmə, mənfəət

Sheet Kompüter & Avadanlıq
A1: KOMPÜTER, AVADANLIQ & PROQRAM (USD)
A2: Avadanlıq | B2: Sayı | C2: Vahid $ | D2: Cəmi $ | E2: Qeyd
A3: Developer iş stansiyası (GPU — CAD/3D) | B3: 5 | C3: 1800 | D3: =B3*C3 | E3: Three.js/CSG render üçün
A4: Ofis noutbuku (ops/marketinq/financist/dəstək) | B4: 6 | C4: 900 | D4: =B4*C4 | E4: Qeyri-tex rollar
A5: Monitor + klaviatura + siçan | B5: 9 | C5: 300 | D5: =B5*C5 | E5: Hər iş yeri
A6: Test cihazları (telefon/tablet) | B6: 1 | C6: 600 | D6: =B6*C6 | E6: Mobil/responsiv test
A7: Şəbəkə / NAS / backup | B7: 1 | C7: 700 | D7: =B7*C7 | E7: Yedəkləmə
A8: AVADANLIQ CƏMİ (birdəfəlik, fazalı) | D8: =SUM(D3:D7)
A10: Proqram / Servis (aylıq) | B10: Sayı | C10: Aylıq $ | D10: İllik $ | E10: Qeyd
A11: Hosting / Vercel / infra | B11: 1 | C11: 150 | D11: =B11*C11*12 | E11: trafikə görə artır
A12: PostgreSQL (Neon/Supabase) | B12: 1 | C12: 60 | D12: =B12*C12*12 | E12: DB
A13: Cloudflare R2 / S3 | B13: 1 | C13: 40 | D13: =B13*C13*12 | E13: fayl/model saxlama
A14: Stripe (Subscriptions+Connect) | B14: 1 | C14: 0 | D14: =B14*C14*12 | E14: ~3% faiz — modeldə ayrıca
A15: Google Workspace + domen | B15: 13 | C15: 8 | D15: =B15*C15*12 | E15: hər nəfər/ay
A16: Figma + analitika + alətlər | B16: 1 | C16: 120 | D16: =B16*C16*12 | E16: komanda lisenziya
A17: GitHub / CI / monitoring | B17: 1 | C17: 80 | D17: =B17*C17*12 | E17: DevOps
A18: PROQRAM CƏMİ | C18: =SUM(C11:C17) | D18: =SUM(D11:D17)

Sheet Fərziyyələr
A1: FƏRZİYYƏLƏR — dəyişin, bütün model yenilənir (Orta ssenari)
A2: Parametr | B2: Dəyər | C2: İzah
A3: Başlanğıc aylıq ziyarətçi | B3: 3000 | C3: 1-ci ay
A4: Ziyarətçi aylıq artım | B4: 0.1 | C4: hər ay
A5: Sifariş konversiya (% ziyarətçi) | B5: 0.015 | C5: qiymət alıb sifariş verən
A6: Orta sifariş dəyəri AOV ($) | B6: 160 | C6: CNC/3D hissə
A7: İstehsal marjası (take-rate) | B7: 0.2 | C7: bizə qalan pay
A8: Sifariş başına ops xərci ($) | B8: 4 | C8: keyfiyyət/koordinasiya
A9: Pulsuz qeydiyyat (% ziyarətçi) | B9: 0.18
A10: Ödənişli konversiya (% yeni pulsuz) | B10: 0.03
A11: Aylıq churn (ödənişli) | B11: 0.05
A12: Blended ARPU ($/ay) | B12: 24 | C12: paketlərin ortası
A13: Dizayn GMV — ay1 ($) | B13: 500
A14: Dizayn GMV artım | B14: 0.12
A15: Dizayn komissiya | B15: 0.08
A16: Stripe / ödəniş faizi | B16: 0.03 | C16: tam həcm üzərində
A17: Maaş vergi/SSF əmsalı | B17: 0.25 | C17: işəgötürən
A18: Hosting baza ($/ay) | B18: 150
A19: Hosting / 10K ziyarətçi ($) | B19: 40
A20: Software / nəfər ($/ay) | B20: 60
A21: Marketinq — % gəlir | B21: 0.2
A22: Marketinq minimum ($/ay) | B22: 600
A23: İnzibati baza ($/ay) | B23: 500
A24: Başlanğıc kapital / investisiya ($) | B24: 380000 | C24: seed
A25: Launch ayı — gəlir bu aydan başlayır | B25: 6 | C25: 1-5 quruluş, gəlir YOXDUR

Sheet 36 Aylıq Maliyyə
A1: 36 AYLIQ GƏLİR-XƏRC (canlı düstur — Fərziyyələr dəyişdikcə yenilənir)
A2: Ay | B2: Tarix | C2: Ziyarətçi | D2: Sifariş | E2: İstehsal GMV $ | F2: İstehsal gəliri $ | G2: Ödənişli ist. | H2: Abunə gəliri $ | I2: Dizayn GMV $ | J2: Dizayn kom. $ | K2: ÜMUMİ GƏLİR $ | L2: Komanda | M2: Maaş+vergi $ | N2: Hosting $ | O2: Software $ | P2: Marketinq $ | Q2: Sifariş ops $ | R2: Avadanlıq $ | S2: İnzibati $ | T2: Stripe $ | U2: ÜMUMİ XƏRC $ | V2: NET $ | W2: Yığılmış kassa $
A3: 1 | B3: 2026-07 | C3: =IF(A3<'Fərziyyələr'!$B$25,0,IF(C2=0,'Fərziyyələr'!$B$3,C2*(1+'Fərziyyələr'!$B$4))) | D3: =C3*'Fərziyyələr'!$B$5 | E3: =D3*'Fərziyyələr'!$B$6 | F3: =E3*'Fərziyyələr'!$B$7 | G3: =C3*'Fərziyyələr'!$B$9*'Fərziyyələr'!$B$10 | H3: =G3*'Fərziyyələr'!$B$12 | I3: =IF(A3<'Fərziyyələr'!$B$25,0,IF(I2=0,'Fərziyyələr'!$B$13,I2*(1+'Fərziyyələr'!$B$14))) | J3: =I3*'Fərziyyələr'!$B$15 | K3: =F3+H3+J3 | L3: 2 | M3: =4000*(1+'Fərziyyələr'!$B$17) | N3: ='Fərziyyələr'!$B$18+C3/10000*'Fərziyyələr'!$B$19 | O3: =L3*'Fərziyyələr'!$B$20 | P3: =MAX('Fərziyyələr'!$B$22,K3*'Fərziyyələr'!$B$21) | Q3: =D3*'Fərziyyələr'!$B$8 | R3: 2900 | S3: ='Fərziyyələr'!$B$23+0 | T3: =(E3+H3+I3)*'Fərziyyələr'!$B$16 | U3: =M3+N3+O3+P3+Q3+R3+S3+T3 | V3: =K3-U3 | W3: ='Fərziyyələr'!$B$24+V3
A4: 2 | B4: 2026-08 | C4: =IF(A4<'Fərziyyələr'!$B$25,0,IF(C3=0,'Fərziyyələr'!$B$3,C3*(1+'Fərziyyələr'!$B$4))) | D4: =C4*'Fərziyyələr'!$B$5 | E4: =D4*'Fərziyyələr'!$B$6 | F4: =E4*'Fərziyyələr'!$B$7 | G4: =G3*(1-'Fərziyyələr'!$B$11)+C4*'Fərziyyələr'!$B$9*'Fərziyyələr'!$B$10 | H4: =G4*'Fərziyyələr'!$B$12 | I4: =IF(A4<'Fərziyyələr'!$B$25,0,IF(I3=0,'Fərziyyələr'!$B$13,I3*(1+'Fərziyyələr'!$B$14))) | J4: =I4*'Fərziyyələr'!$B$15 | K4: =F4+H4+J4 | L4: 3 | M4: =5500*(1+'Fərziyyələr'!$B$17) | N4: ='Fərziyyələr'!$B$18+C4/10000*'Fərziyyələr'!$B$19 | O4: =L4*'Fərziyyələr'!$B$20 | P4: =MAX('Fərziyyələr'!$B$22,K4*'Fərziyyələr'!$B$21) | Q4: =D4*'Fərziyyələr'!$B$8 | R4: 1800 | S4: ='Fərziyyələr'!$B$23+0 | T4: =(E4+H4+I4)*'Fərziyyələr'!$B$16 | U4: =M4+N4+O4+P4+Q4+R4+S4+T4 | V4: =K4-U4 | W4: =W3+V4
A5: 3 | B5: 2026-09 | C5: =IF(A5<'Fərziyyələr'!$B$25,0,IF(C4=0,'Fərziyyələr'!$B$3,C4*(1+'Fərziyyələr'!$B$4))) | D5: =C5*'Fərziyyələr'!$B$5 | E5: =D5*'Fərziyyələr'!$B$6 | F5: =E5*'Fərziyyələr'!$B$7 | G5: =G4*(1-'Fərziyyələr'!$B$11)+C5*'Fərziyyələr'!$B$9*'Fərziyyələr'!$B$10 | H5: =G5*'Fərziyyələr'!$B$12 | I5: =IF(A5<'Fərziyyələr'!$B$25,0,IF(I4=0,'Fərziyyələr'!$B$13,I4*(1+'Fərziyyələr'!$B$14))) | J5: =I5*'Fərziyyələr'!$B$15 | K5: =F5+H5+J5 | L5: 3 | M5: =5500*(1+'Fərziyyələr'!$B$17) | N5: ='Fərziyyələr'!$B$18+C5/10000*'Fərziyyələr'!$B$19 | O5: =L5*'Fərziyyələr'!$B$20 | P5: =MAX('Fərziyyələr'!$B$22,K5*'Fərziyyələr'!$B$21) | Q5: =D5*'Fərziyyələr'!$B$8 | R5: 0 | S5: ='Fərziyyələr'!$B$23+0 | T5: =(E5+H5+I5)*'Fərziyyələr'!$B$16 | U5: =M5+N5+O5+P5+Q5+R5+S5+T5 | V5: =K5-U5 | W5: =W4+V5
A6: 4 | B6: 2026-10 | C6: =IF(A6<'Fərziyyələr'!$B$25,0,IF(C5=0,'Fərziyyələr'!$B$3,C5*(1+'Fərziyyələr'!$B$4))) | D6: =C6*'Fərziyyələr'!$B$5 | E6: =D6*'Fərziyyələr'!$B$6 | F6: =E6*'Fərziyyələr'!$B$7 | G6: =G5*(1-'Fərziyyələr'!$B$11)+C6*'Fərziyyələr'!$B$9*'Fərziyyələr'!$B$10 | H6: =G6*'Fərziyyələr'!$B$12 | I6: =IF(A6<'Fərziyyələr'!$B$25,0,IF(I5=0,'Fərziyyələr'!$B$13,I5*(1+'Fərziyyələr'!$B$14))) | J6: =I6*'Fərziyyələr'!$B$15 | K6: =F6+H6+J6 | L6: 5 | M6: =8500*(1+'Fərziyyələr'!$B$17) | N6: ='Fərziyyələr'!$B$18+C6/10000*'Fərziyyələr'!$B$19 | O6: =L6*'Fərziyyələr'!$B$20 | P6: =MAX('Fərziyyələr'!$B$22,K6*'Fərziyyələr'!$B$21) | Q6: =D6*'Fərziyyələr'!$B$8 | R6: 2900 | S6: ='Fərziyyələr'!$B$23+0 | T6: =(E6+H6+I6)*'Fərziyyələr'!$B$16 | U6: =M6+N6+O6+P6+Q6+R6+S6+T6 | V6: =K6-U6 | W6: =W5+V6
A7: 5 | B7: 2026-11 | C7: =IF(A7<'Fərziyyələr'!$B$25,0,IF(C6=0,'Fərziyyələr'!$B$3,C6*(1+'Fərziyyələr'!$B$4))) | D7: =C7*'Fərziyyələr'!$B$5 | E7: =D7*'Fərziyyələr'!$B$6 | F7: =E7*'Fərziyyələr'!$B$7 | G7: =G6*(1-'Fərziyyələr'!$B$11)+C7*'Fərziyyələr'!$B$9*'Fərziyyələr'!$B$10 | H7: =G7*'Fərziyyələr'!$B$12 | I7: =IF(A7<'Fərziyyələr'!$B$25,0,IF(I6=0,'Fərziyyələr'!$B$13,I6*(1+'Fərziyyələr'!$B$14))) | J7: =I7*'Fərziyyələr'!$B$15 | K7: =F7+H7+J7 | L7: 5 | M7: =8500*(1+'Fərziyyələr'!$B$17) | N7: ='Fərziyyələr'!$B$18+C7/10000*'Fərziyyələr'!$B$19 | O7: =L7*'Fərziyyələr'!$B$20 | P7: =MAX('Fərziyyələr'!$B$22,K7*'Fərziyyələr'!$B$21) | Q7: =D7*'Fərziyyələr'!$B$8 | R7: 0 | S7: ='Fərziyyələr'!$B$23+0 | T7: =(E7+H7+I7)*'Fərziyyələr'!$B$16 | U7: =M7+N7+O7+P7+Q7+R7+S7+T7 | V7: =K7-U7 | W7: =W6+V7
A8: 6 | B8: 2026-12 | C8: =IF(A8<'Fərziyyələr'!$B$25,0,IF(C7=0,'Fərziyyələr'!$B$3,C7*(1+'Fərziyyələr'!$B$4))) | D8: =C8*'Fərziyyələr'!$B$5 | E8: =D8*'Fərziyyələr'!$B$6 | F8: =E8*'Fərziyyələr'!$B$7 | G8: =G7*(1-'Fərziyyələr'!$B$11)+C8*'Fərziyyələr'!$B$9*'Fərziyyələr'!$B$10 | H8: =G8*'Fərziyyələr'!$B$12 | I8: =IF(A8<'Fərziyyələr'!$B$25,0,IF(I7=0,'Fərziyyələr'!$B$13,I7*(1+'Fərziyyələr'!$B$14))) | J8: =I8*'Fərziyyələr'!$B$15 | K8: =F8+H8+J8 | L8: 6 | M8: =9900*(1+'Fərziyyələr'!$B$17) | N8: ='Fərziyyələr'!$B$18+C8/10000*'Fərziyyələr'!$B$19 | O8: =L8*'Fərziyyələr'!$B$20 | P8: =MAX('Fərziyyələr'!$B$22,K8*'Fərziyyələr'!$B$21) | Q8: =D8*'Fərziyyələr'!$B$8 | R8: 1100 | S8: ='Fərziyyələr'!$B$23+0 | T8: =(E8+H8+I8)*'Fərziyyələr'!$B$16 | U8: =M8+N8+O8+P8+Q8+R8+S8+T8 | V8: =K8-U8 | W8: =W7+V8
A9: 7 | B9: 2027-01 | C9: =IF(A9<'Fərziyyələr'!$B$25,0,IF(C8=0,'Fərziyyələr'!$B$3,C8*(1+'Fərziyyələr'!$B$4))) | D9: =C9*'Fərziyyələr'!$B$5 | E9: =D9*'Fərziyyələr'!$B$6 | F9: =E9*'Fərziyyələr'!$B$7 | G9: =G8*(1-'Fərziyyələr'!$B$11)+C9*'Fərziyyələr'!$B$9*'Fərziyyələr'!$B$10 | H9: =G9*'Fərziyyələr'!$B$12 | I9: =IF(A9<'Fərziyyələr'!$B$25,0,IF(I8=0,'Fərziyyələr'!$B$13,I8*(1+'Fərziyyələr'!$B$14))) | J9: =I9*'Fərziyyələr'!$B$15 | K9: =F9+H9+J9 | L9: 8 | M9: =12000*(1+'Fərziyyələr'!$B$17) | N9: ='Fərziyyələr'!$B$18+C9/10000*'Fərziyyələr'!$B$19 | O9: =L9*'Fərziyyələr'!$B$20 | P9: =MAX('Fərziyyələr'!$B$22,K9*'Fərziyyələr'!$B$21) | Q9: =D9*'Fərziyyələr'!$B$8 | R9: 2200 | S9: ='Fərziyyələr'!$B$23+0 | T9: =(E9+H9+I9)*'Fərziyyələr'!$B$16 | U9: =M9+N9+O9+P9+Q9+R9+S9+T9 | V9: =K9-U9 | W9: =W8+V9
A10: 8 | B10: 2027-02 | C10: =IF(A10<'Fərziyyələr'!$B$25,0,IF(C9=0,'Fərziyyələr'!$B$3,C9*(1+'Fərziyyələr'!$B$4))) | D10: =C10*'Fərziyyələr'!$B$5 | E10: =D10*'Fərziyyələr'!$B$6 | F10: =E10*'Fərziyyələr'!$B$7 | G10: =G9*(1-'Fərziyyələr'!$B$11)+C10*'Fərziyyələr'!$B$9*'Fərziyyələr'!$B$10 | H10: =G10*'Fərziyyələr'!$B$12 | I10: =IF(A10<'Fərziyyələr'!$B$25,0,IF(I9=0,'Fərziyyələr'!$B$13,I9*(1+'Fərziyyələr'!$B$14))) | J10: =I10*'Fərziyyələr'!$B$15 | K10: =F10+H10+J10 | L10: 8 | M10: =12000*(1+'Fərziyyələr'!$B$17) | N10: ='Fərziyyələr'!$B$18+C10/10000*'Fərziyyələr'!$B$19 | O10: =L10*'Fərziyyələr'!$B$20 | P10: =MAX('Fərziyyələr'!$B$22,K10*'Fərziyyələr'!$B$21) | Q10: =D10*'Fərziyyələr'!$B$8 | R10: 0 | S10: ='Fərziyyələr'!$B$23+0 | T10: =(E10+H10+I10)*'Fərziyyələr'!$B$16 | U10: =M10+N10+O10+P10+Q10+R10+S10+T10 | V10: =K10-U10 | W10: =W9+V10
A11: 9 | B11: 2027-03 | C11: =IF(A11<'Fərziyyələr'!$B$25,0,IF(C10=0,'Fərziyyələr'!$B$3,C10*(1+'Fərziyyələr'!$B$4))) | D11: =C11*'Fərziyyələr'!$B$5 | E11: =D11*'Fərziyyələr'!$B$6 | F11: =E11*'Fərziyyələr'!$B$7 | G11: =G10*(1-'Fərziyyələr'!$B$11)+C11*'Fərziyyələr'!$B$9*'Fərziyyələr'!$B$10 | H11: =G11*'Fərziyyələr'!$B$12 | I11: =IF(A11<'Fərziyyələr'!$B$25,0,IF(I10=0,'Fərziyyələr'!$B$13,I10*(1+'Fərziyyələr'!$B$14))) | J11: =I11*'Fərziyyələr'!$B$15 | K11: =F11+H11+J11 | L11: 8 | M11: =12000*(1+'Fərziyyələr'!$B$17) | N11: ='Fərziyyələr'!$B$18+C11/10000*'Fərziyyələr'!$B$19 | O11: =L11*'Fərziyyələr'!$B$20 | P11: =MAX('Fərziyyələr'!$B$22,K11*'Fərziyyələr'!$B$21) | Q11: =D11*'Fərziyyələr'!$B$8 | R11: 0 | S11: ='Fərziyyələr'!$B$23+0 | T11: =(E11+H11+I11)*'Fərziyyələr'!$B$16 | U11: =M11+N11+O11+P11+Q11+R11+S11+T11 | V11: =K11-U11 | W11: =W10+V11
A12: 10 | B12: 2027-04 | C12: =IF(A12<'Fərziyyələr'!$B$25,0,IF(C11=0,'Fərziyyələr'!$B$3,C11*(1+'Fərziyyələr'!$B$4))) | D12: =C12*'Fərziyyələr'!$B$5 | E12: =D12*'Fərziyyələr'!$B$6 | F12: =E12*'Fərziyyələr'!$B$7 | G12: =G11*(1-'Fərziyyələr'!$B$11)+C12*'Fərziyyələr'!$B$9*'Fərziyyələr'!$B$10 | H12: =G12*'Fərziyyələr'!$B$12 | I12: =IF(A12<'Fərziyyələr'!$B$25,0,IF(I11=0,'Fərziyyələr'!$B$13,I11*(1+'Fərziyyələr'!$B$14))) | J12: =I12*'Fərziyyələr'!$B$15 | K12: =F12+H12+J12 | L12: 10 | M12: =13800*(1+'Fərziyyələr'!$B$17) | N12: ='Fərziyyələr'!$B$18+C12/10000*'Fərziyyələr'!$B$19 | O12: =L12*'Fərziyyələr'!$B$20 | P12: =MAX('Fərziyyələr'!$B$22,K12*'Fərziyyələr'!$B$21) | Q12: =D12*'Fərziyyələr'!$B$8 | R12: 2900 | S12: ='Fərziyyələr'!$B$23+0 | T12: =(E12+H12+I12)*'Fərziyyələr'!$B$16 | U12: =M12+N12+O12+P12+Q12+R12+S12+T12 | V12: =K12-U12 | W12: =W11+V12
A13: 11 | B13: 2027-05 | C13: =IF(A13<'Fərziyyələr'!$B$25,0,IF(C12=0,'Fərziyyələr'!$B$3,C12*(1+'Fərziyyələr'!$B$4))) | D13: =C13*'Fərziyyələr'!$B$5 | E13: =D13*'Fərziyyələr'!$B$6 | F13: =E13*'Fərziyyələr'!$B$7 | G13: =G12*(1-'Fərziyyələr'!$B$11)+C13*'Fərziyyələr'!$B$9*'Fərziyyələr'!$B$10 | H13: =G13*'Fərziyyələr'!$B$12 | I13: =IF(A13<'Fərziyyələr'!$B$25,0,IF(I12=0,'Fərziyyələr'!$B$13,I12*(1+'Fərziyyələr'!$B$14))) | J13: =I13*'Fərziyyələr'!$B$15 | K13: =F13+H13+J13 | L13: 10 | M13: =13800*(1+'Fərziyyələr'!$B$17) | N13: ='Fərziyyələr'!$B$18+C13/10000*'Fərziyyələr'!$B$19 | O13: =L13*'Fərziyyələr'!$B$20 | P13: =MAX('Fərziyyələr'!$B$22,K13*'Fərziyyələr'!$B$21) | Q13: =D13*'Fərziyyələr'!$B$8 | R13: 0 | S13: ='Fərziyyələr'!$B$23+0 | T13: =(E13+H13+I13)*'Fərziyyələr'!$B$16 | U13: =M13+N13+O13+P13+Q13+R13+S13+T13 | V13: =K13-U13 | W13: =W12+V13
A14: 12 | B14: 2027-06 | C14: =IF(A14<'Fərziyyələr'!$B$25,0,IF(C13=0,'Fərziyyələr'!$B$3,C13*(1+'Fərziyyələr'!$B$4))) | D14: =C14*'Fərziyyələr'!$B$5 | E14: =D14*'Fərziyyələr'!$B$6 | F14: =E14*'Fərziyyələr'!$B$7 | G14: =G13*(1-'Fərziyyələr'!$B$11)+C14*'Fərziyyələr'!$B$9*'Fərziyyələr'!$B$10 | H14: =G14*'Fərziyyələr'!$B$12 | I14: =IF(A14<'Fərziyyələr'!$B$25,0,IF(I13=0,'Fərziyyələr'!$B$13,I13*(1+'Fərziyyələr'!$B$14))) | J14: =I14*'Fərziyyələr'!$B$15 | K14: =F14+H14+J14 | L14: 10 | M14: =13800*(1+'Fərziyyələr'!$B$17) | N14: ='Fərziyyələr'!$B$18+C14/10000*'Fərziyyələr'!$B$19 | O14: =L14*'Fərziyyələr'!$B$20 | P14: =MAX('Fərziyyələr'!$B$22,K14*'Fərziyyələr'!$B$21) | Q14: =D14*'Fərziyyələr'!$B$8 | R14: 0 | S14: ='Fərziyyələr'!$B$23+0 | T14: =(E14+H14+I14)*'Fərziyyələr'!$B$16 | U14: =M14+N14+O14+P14+Q14+R14+S14+T14 | V14: =K14-U14 | W14: =W13+V14
A15: 13 | B15: 2027-07 | C15: =IF(A15<'Fərziyyələr'!$B$25,0,IF(C14=0,'Fərziyyələr'!$B$3,C14*(1+'Fərziyyələr'!$B$4))) | D15: =C15*'Fərziyyələr'!$B$5 | E15: =D15*'Fərziyyələr'!$B$6 | F15: =E15*'Fərziyyələr'!$B$7 | G15: =G14*(1-'Fərziyyələr'!$B$11)+C15*'Fərziyyələr'!$B$9*'Fərziyyələr'!$B$10 | H15: =G15*'Fərziyyələr'!$B$12 | I15: =IF(A15<'Fərziyyələr'!$B$25,0,IF(I14=0,'Fərziyyələr'!$B$13,I14*(1+'Fərziyyələr'!$B$14))) | J15: =I15*'Fərziyyələr'!$B$15 | K15: =F15+H15+J15 | L15: 11 | M15: =14600*(1+'Fərziyyələr'!$B$17) | N15: ='Fərziyyələr'!$B$18+C15/10000*'Fərziyyələr'!$B$19 | O15: =L15*'Fərziyyələr'!$B$20 | P15: =MAX('Fərziyyələr'!$B$22,K15*'Fərziyyələr'!$B$21) | Q15: =D15*'Fərziyyələr'!$B$8 | R15: 1100 | S15: ='Fərziyyələr'!$B$23+300 | T15: =(E15+H15+I15)*'Fərziyyələr'!$B$16 | U15: =M15+N15+O15+P15+Q15+R15+S15+T15 | V15: =K15-U15 | W15: =W14+V15
A16: 14 | B16: 2027-08 | C16: =IF(A16<'Fərziyyələr'!$B$25,0,IF(C15=0,'Fərziyyələr'!$B$3,C15*(1+'Fərziyyələr'!$B$4))) | D16: =C16*'Fərziyyələr'!$B$5 | E16: =D16*'Fərziyyələr'!$B$6 | F16: =E16*'Fərziyyələr'!$B$7 | G16: =G15*(1-'Fərziyyələr'!$B$11)+C16*'Fərziyyələr'!$B$9*'Fərziyyələr'!$B$10 | H16: =G16*'Fərziyyələr'!$B$12 | I16: =IF(A16<'Fərziyyələr'!$B$25,0,IF(I15=0,'Fərziyyələr'!$B$13,I15*(1+'Fərziyyələr'!$B$14))) | J16: =I16*'Fərziyyələr'!$B$15 | K16: =F16+H16+J16 | L16: 11 | M16: =14600*(1+'Fərziyyələr'!$B$17) | N16: ='Fərziyyələr'!$B$18+C16/10000*'Fərziyyələr'!$B$19 | O16: =L16*'Fərziyyələr'!$B$20 | P16: =MAX('Fərziyyələr'!$B$22,K16*'Fərziyyələr'!$B$21) | Q16: =D16*'Fərziyyələr'!$B$8 | R16: 0 | S16: ='Fərziyyələr'!$B$23+300 | T16: =(E16+H16+I16)*'Fərziyyələr'!$B$16 | U16: =M16+N16+O16+P16+Q16+R16+S16+T16 | V16: =K16-U16 | W16: =W15+V16
A17: 15 | B17: 2027-09 | C17: =IF(A17<'Fərziyyələr'!$B$25,0,IF(C16=0,'Fərziyyələr'!$B$3,C16*(1+'Fərziyyələr'!$B$4))) | D17: =C17*'Fərziyyələr'!$B$5 | E17: =D17*'Fərziyyələr'!$B$6 | F17: =E17*'Fərziyyələr'!$B$7 | G17: =G16*(1-'Fərziyyələr'!$B$11)+C17*'Fərziyyələr'!$B$9*'Fərziyyələr'!$B$10 | H17: =G17*'Fərziyyələr'!$B$12 | I17: =IF(A17<'Fərziyyələr'!$B$25,0,IF(I16=0,'Fərziyyələr'!$B$13,I16*(1+'Fərziyyələr'!$B$14))) | J17: =I17*'Fərziyyələr'!$B$15 | K17: =F17+H17+J17 | L17: 11 | M17: =14600*(1+'Fərziyyələr'!$B$17) | N17: ='Fərziyyələr'!$B$18+C17/10000*'Fərziyyələr'!$B$19 | O17: =L17*'Fərziyyələr'!$B$20 | P17: =MAX('Fərziyyələr'!$B$22,K17*'Fərziyyələr'!$B$21) | Q17: =D17*'Fərziyyələr'!$B$8 | R17: 0 | S17: ='Fərziyyələr'!$B$23+300 | T17: =(E17+H17+I17)*'Fərziyyələr'!$B$16 | U17: =M17+N17+O17+P17+Q17+R17+S17+T17 | V17: =K17-U17 | W17: =W16+V17
A18: 16 | B18: 2027-10 | C18: =IF(A18<'Fərziyyələr'!$B$25,0,IF(C17=0,'Fərziyyələr'!$B$3,C17*(1+'Fərziyyələr'!$B$4))) | D18: =C18*'Fərziyyələr'!$B$5 | E18: =D18*'Fərziyyələr'!$B$6 | F18: =E18*'Fərziyyələr'!$B$7 | G18: =G17*(1-'Fərziyyələr'!$B$11)+C18*'Fərziyyələr'!$B$9*'Fərziyyələr'!$B$10 | H18: =G18*'Fərziyyələr'!$B$12 | I18: =IF(A18<'Fərziyyələr'!$B$25,0,IF(I17=0,'Fərziyyələr'!$B$13,I17*(1+'Fərziyyələr'!$B$14))) | J18: =I18*'Fərziyyələr'!$B$15 | K18: =F18+H18+J18 | L18: 11 | M18: =14600*(1+'Fərziyyələr'!$B$17) | N18: ='Fərziyyələr'!$B$18+C18/10000*'Fərziyyələr'!$B$19 | O18: =L18*'Fərziyyələr'!$B$20 | P18: =MAX('Fərziyyələr'!$B$22,K18*'Fərziyyələr'!$B$21) | Q18: =D18*'Fərziyyələr'!$B$8 | R18: 0 | S18: ='Fərziyyələr'!$B$23+300 | T18: =(E18+H18+I18)*'Fərziyyələr'!$B$16 | U18: =M18+N18+O18+P18+Q18+R18+S18+T18 | V18: =K18-U18 | W18: =W17+V18
A19: 17 | B19: 2027-11 | C19: =IF(A19<'Fərziyyələr'!$B$25,0,IF(C18=0,'Fərziyyələr'!$B$3,C18*(1+'Fərziyyələr'!$B$4))) | D19: =C19*'Fərziyyələr'!$B$5 | E19: =D19*'Fərziyyələr'!$B$6 | F19: =E19*'Fərziyyələr'!$B$7 | G19: =G18*(1-'Fərziyyələr'!$B$11)+C19*'Fərziyyələr'!$B$9*'Fərziyyələr'!$B$10 | H19: =G19*'Fərziyyələr'!$B$12 | I19: =IF(A19<'Fərziyyələr'!$B$25,0,IF(I18=0,'Fərziyyələr'!$B$13,I18*(1+'Fərziyyələr'!$B$14))) | J19: =I19*'Fərziyyələr'!$B$15 | K19: =F19+H19+J19 | L19: 11 | M19: =14600*(1+'Fərziyyələr'!$B$17) | N19: ='Fərziyyələr'!$B$18+C19/10000*'Fərziyyələr'!$B$19 | O19: =L19*'Fərziyyələr'!$B$20 | P19: =MAX('Fərziyyələr'!$B$22,K19*'Fərziyyələr'!$B$21) | Q19: =D19*'Fərziyyələr'!$B$8 | R19: 0 | S19: ='Fərziyyələr'!$B$23+300 | T19: =(E19+H19+I19)*'Fərziyyələr'!$B$16 | U19: =M19+N19+O19+P19+Q19+R19+S19+T19 | V19: =K19-U19 | W19: =W18+V19
A20: 18 | B20: 2027-12 | C20: =IF(A20<'Fərziyyələr'!$B$25,0,IF(C19=0,'Fərziyyələr'!$B$3,C19*(1+'Fərziyyələr'!$B$4))) | D20: =C20*'Fərziyyələr'!$B$5 | E20: =D20*'Fərziyyələr'!$B$6 | F20: =E20*'Fərziyyələr'!$B$7 | G20: =G19*(1-'Fərziyyələr'!$B$11)+C20*'Fərziyyələr'!$B$9*'Fərziyyələr'!$B$10 | H20: =G20*'Fərziyyələr'!$B$12 | I20: =IF(A20<'Fərziyyələr'!$B$25,0,IF(I19=0,'Fərziyyələr'!$B$13,I19*(1+'Fərziyyələr'!$B$14))) | J20: =I20*'Fərziyyələr'!$B$15 | K20: =F20+H20+J20 | L20: 11 | M20: =14600*(1+'Fərziyyələr'!$B$17) | N20: ='Fərziyyələr'!$B$18+C20/10000*'Fərziyyələr'!$B$19 | O20: =L20*'Fərziyyələr'!$B$20 | P20: =MAX('Fərziyyələr'!$B$22,K20*'Fərziyyələr'!$B$21) | Q20: =D20*'Fərziyyələr'!$B$8 | R20: 0 | S20: ='Fərziyyələr'!$B$23+300 | T20: =(E20+H20+I20)*'Fərziyyələr'!$B$16 | U20: =M20+N20+O20+P20+Q20+R20+S20+T20 | V20: =K20-U20 | W20: =W19+V20
A21: 19 | B21: 2028-01 | C21: =IF(A21<'Fərziyyələr'!$B$25,0,IF(C20=0,'Fərziyyələr'!$B$3,C20*(1+'Fərziyyələr'!$B$4))) | D21: =C21*'Fərziyyələr'!$B$5 | E21: =D21*'Fərziyyələr'!$B$6 | F21: =E21*'Fərziyyələr'!$B$7 | G21: =G20*(1-'Fərziyyələr'!$B$11)+C21*'Fərziyyələr'!$B$9*'Fərziyyələr'!$B$10 | H21: =G21*'Fərziyyələr'!$B$12 | I21: =IF(A21<'Fərziyyələr'!$B$25,0,IF(I20=0,'Fərziyyələr'!$B$13,I20*(1+'Fərziyyələr'!$B$14))) | J21: =I21*'Fərziyyələr'!$B$15 | K21: =F21+H21+J21 | L21: 12 | M21: =16100*(1+'Fərziyyələr'!$B$17) | N21: ='Fərziyyələr'!$B$18+C21/10000*'Fərziyyələr'!$B$19 | O21: =L21*'Fərziyyələr'!$B$20 | P21: =MAX('Fərziyyələr'!$B$22,K21*'Fərziyyələr'!$B$21) | Q21: =D21*'Fərziyyələr'!$B$8 | R21: 1800 | S21: ='Fərziyyələr'!$B$23+300 | T21: =(E21+H21+I21)*'Fərziyyələr'!$B$16 | U21: =M21+N21+O21+P21+Q21+R21+S21+T21 | V21: =K21-U21 | W21: =W20+V21
A22: 20 | B22: 2028-02 | C22: =IF(A22<'Fərziyyələr'!$B$25,0,IF(C21=0,'Fərziyyələr'!$B$3,C21*(1+'Fərziyyələr'!$B$4))) | D22: =C22*'Fərziyyələr'!$B$5 | E22: =D22*'Fərziyyələr'!$B$6 | F22: =E22*'Fərziyyələr'!$B$7 | G22: =G21*(1-'Fərziyyələr'!$B$11)+C22*'Fərziyyələr'!$B$9*'Fərziyyələr'!$B$10 | H22: =G22*'Fərziyyələr'!$B$12 | I22: =IF(A22<'Fərziyyələr'!$B$25,0,IF(I21=0,'Fərziyyələr'!$B$13,I21*(1+'Fərziyyələr'!$B$14))) | J22: =I22*'Fərziyyələr'!$B$15 | K22: =F22+H22+J22 | L22: 12 | M22: =16100*(1+'Fərziyyələr'!$B$17) | N22: ='Fərziyyələr'!$B$18+C22/10000*'Fərziyyələr'!$B$19 | O22: =L22*'Fərziyyələr'!$B$20 | P22: =MAX('Fərziyyələr'!$B$22,K22*'Fərziyyələr'!$B$21) | Q22: =D22*'Fərziyyələr'!$B$8 | R22: 0 | S22: ='Fərziyyələr'!$B$23+300 | T22: =(E22+H22+I22)*'Fərziyyələr'!$B$16 | U22: =M22+N22+O22+P22+Q22+R22+S22+T22 | V22: =K22-U22 | W22: =W21+V22
A23: 21 | B23: 2028-03 | C23: =IF(A23<'Fərziyyələr'!$B$25,0,IF(C22=0,'Fərziyyələr'!$B$3,C22*(1+'Fərziyyələr'!$B$4))) | D23: =C23*'Fərziyyələr'!$B$5 | E23: =D23*'Fərziyyələr'!$B$6 | F23: =E23*'Fərziyyələr'!$B$7 | G23: =G22*(1-'Fərziyyələr'!$B$11)+C23*'Fərziyyələr'!$B$9*'Fərziyyələr'!$B$10 | H23: =G23*'Fərziyyələr'!$B$12 | I23: =IF(A23<'Fərziyyələr'!$B$25,0,IF(I22=0,'Fərziyyələr'!$B$13,I22*(1+'Fərziyyələr'!$B$14))) | J23: =I23*'Fərziyyələr'!$B$15 | K23: =F23+H23+J23 | L23: 12 | M23: =16100*(1+'Fərziyyələr'!$B$17) | N23: ='Fərziyyələr'!$B$18+C23/10000*'Fərziyyələr'!$B$19 | O23: =L23*'Fərziyyələr'!$B$20 | P23: =MAX('Fərziyyələr'!$B$22,K23*'Fərziyyələr'!$B$21) | Q23: =D23*'Fərziyyələr'!$B$8 | R23: 0 | S23: ='Fərziyyələr'!$B$23+300 | T23: =(E23+H23+I23)*'Fərziyyələr'!$B$16 | U23: =M23+N23+O23+P23+Q23+R23+S23+T23 | V23: =K23-U23 | W23: =W22+V23
A24: 22 | B24: 2028-04 | C24: =IF(A24<'Fərziyyələr'!$B$25,0,IF(C23=0,'Fərziyyələr'!$B$3,C23*(1+'Fərziyyələr'!$B$4))) | D24: =C24*'Fərziyyələr'!$B$5 | E24: =D24*'Fərziyyələr'!$B$6 | F24: =E24*'Fərziyyələr'!$B$7 | G24: =G23*(1-'Fərziyyələr'!$B$11)+C24*'Fərziyyələr'!$B$9*'Fərziyyələr'!$B$10 | H24: =G24*'Fərziyyələr'!$B$12 | I24: =IF(A24<'Fərziyyələr'!$B$25,0,IF(I23=0,'Fərziyyələr'!$B$13,I23*(1+'Fərziyyələr'!$B$14))) | J24: =I24*'Fərziyyələr'!$B$15 | K24: =F24+H24+J24 | L24: 12 | M24: =16100*(1+'Fərziyyələr'!$B$17) | N24: ='Fərziyyələr'!$B$18+C24/10000*'Fərziyyələr'!$B$19 | O24: =L24*'Fərziyyələr'!$B$20 | P24: =MAX('Fərziyyələr'!$B$22,K24*'Fərziyyələr'!$B$21) | Q24: =D24*'Fərziyyələr'!$B$8 | R24: 0 | S24: ='Fərziyyələr'!$B$23+300 | T24: =(E24+H24+I24)*'Fərziyyələr'!$B$16 | U24: =M24+N24+O24+P24+Q24+R24+S24+T24 | V24: =K24-U24 | W24: =W23+V24
A25: 23 | B25: 2028-05 | C25: =IF(A25<'Fərziyyələr'!$B$25,0,IF(C24=0,'Fərziyyələr'!$B$3,C24*(1+'Fərziyyələr'!$B$4))) | D25: =C25*'Fərziyyələr'!$B$5 | E25: =D25*'Fərziyyələr'!$B$6 | F25: =E25*'Fərziyyələr'!$B$7 | G25: =G24*(1-'Fərziyyələr'!$B$11)+C25*'Fərziyyələr'!$B$9*'Fərziyyələr'!$B$10 | H25: =G25*'Fərziyyələr'!$B$12 | I25: =IF(A25<'Fərziyyələr'!$B$25,0,IF(I24=0,'Fərziyyələr'!$B$13,I24*(1+'Fərziyyələr'!$B$14))) | J25: =I25*'Fərziyyələr'!$B$15 | K25: =F25+H25+J25 | L25: 12 | M25: =16100*(1+'Fərziyyələr'!$B$17) | N25: ='Fərziyyələr'!$B$18+C25/10000*'Fərziyyələr'!$B$19 | O25: =L25*'Fərziyyələr'!$B$20 | P25: =MAX('Fərziyyələr'!$B$22,K25*'Fərziyyələr'!$B$21) | Q25: =D25*'Fərziyyələr'!$B$8 | R25: 0 | S25: ='Fərziyyələr'!$B$23+300 | T25: =(E25+H25+I25)*'Fərziyyələr'!$B$16 | U25: =M25+N25+O25+P25+Q25+R25+S25+T25 | V25: =K25-U25 | W25: =W24+V25
A26: 24 | B26: 2028-06 | C26: =IF(A26<'Fərziyyələr'!$B$25,0,IF(C25=0,'Fərziyyələr'!$B$3,C25*(1+'Fərziyyələr'!$B$4))) | D26: =C26*'Fərziyyələr'!$B$5 | E26: =D26*'Fərziyyələr'!$B$6 | F26: =E26*'Fərziyyələr'!$B$7 | G26: =G25*(1-'Fərziyyələr'!$B$11)+C26*'Fərziyyələr'!$B$9*'Fərziyyələr'!$B$10 | H26: =G26*'Fərziyyələr'!$B$12 | I26: =IF(A26<'Fərziyyələr'!$B$25,0,IF(I25=0,'Fərziyyələr'!$B$13,I25*(1+'Fərziyyələr'!$B$14))) | J26: =I26*'Fərziyyələr'!$B$15 | K26: =F26+H26+J26 | L26: 12 | M26: =16100*(1+'Fərziyyələr'!$B$17) | N26: ='Fərziyyələr'!$B$18+C26/10000*'Fərziyyələr'!$B$19 | O26: =L26*'Fərziyyələr'!$B$20 | P26: =MAX('Fərziyyələr'!$B$22,K26*'Fərziyyələr'!$B$21) | Q26: =D26*'Fərziyyələr'!$B$8 | R26: 0 | S26: ='Fərziyyələr'!$B$23+300 | T26: =(E26+H26+I26)*'Fərziyyələr'!$B$16 | U26: =M26+N26+O26+P26+Q26+R26+S26+T26 | V26: =K26-U26 | W26: =W25+V26
A27: 25 | B27: 2028-07 | C27: =IF(A27<'Fərziyyələr'!$B$25,0,IF(C26=0,'Fərziyyələr'!$B$3,C26*(1+'Fərziyyələr'!$B$4))) | D27: =C27*'Fərziyyələr'!$B$5 | E27: =D27*'Fərziyyələr'!$B$6 | F27: =E27*'Fərziyyələr'!$B$7 | G27: =G26*(1-'Fərziyyələr'!$B$11)+C27*'Fərziyyələr'!$B$9*'Fərziyyələr'!$B$10 | H27: =G27*'Fərziyyələr'!$B$12 | I27: =IF(A27<'Fərziyyələr'!$B$25,0,IF(I26=0,'Fərziyyələr'!$B$13,I26*(1+'Fərziyyələr'!$B$14))) | J27: =I27*'Fərziyyələr'!$B$15 | K27: =F27+H27+J27 | L27: 13 | M27: =17600*(1+'Fərziyyələr'!$B$17) | N27: ='Fərziyyələr'!$B$18+C27/10000*'Fərziyyələr'!$B$19 | O27: =L27*'Fərziyyələr'!$B$20 | P27: =MAX('Fərziyyələr'!$B$22,K27*'Fərziyyələr'!$B$21) | Q27: =D27*'Fərziyyələr'!$B$8 | R27: 1100 | S27: ='Fərziyyələr'!$B$23+700 | T27: =(E27+H27+I27)*'Fərziyyələr'!$B$16 | U27: =M27+N27+O27+P27+Q27+R27+S27+T27 | V27: =K27-U27 | W27: =W26+V27
A28: 26 | B28: 2028-08 | C28: =IF(A28<'Fərziyyələr'!$B$25,0,IF(C27=0,'Fərziyyələr'!$B$3,C27*(1+'Fərziyyələr'!$B$4))) | D28: =C28*'Fərziyyələr'!$B$5 | E28: =D28*'Fərziyyələr'!$B$6 | F28: =E28*'Fərziyyələr'!$B$7 | G28: =G27*(1-'Fərziyyələr'!$B$11)+C28*'Fərziyyələr'!$B$9*'Fərziyyələr'!$B$10 | H28: =G28*'Fərziyyələr'!$B$12 | I28: =IF(A28<'Fərziyyələr'!$B$25,0,IF(I27=0,'Fərziyyələr'!$B$13,I27*(1+'Fərziyyələr'!$B$14))) | J28: =I28*'Fərziyyələr'!$B$15 | K28: =F28+H28+J28 | L28: 13 | M28: =17600*(1+'Fərziyyələr'!$B$17) | N28: ='Fərziyyələr'!$B$18+C28/10000*'Fərziyyələr'!$B$19 | O28: =L28*'Fərziyyələr'!$B$20 | P28: =MAX('Fərziyyələr'!$B$22,K28*'Fərziyyələr'!$B$21) | Q28: =D28*'Fərziyyələr'!$B$8 | R28: 0 | S28: ='Fərziyyələr'!$B$23+700 | T28: =(E28+H28+I28)*'Fərziyyələr'!$B$16 | U28: =M28+N28+O28+P28+Q28+R28+S28+T28 | V28: =K28-U28 | W28: =W27+V28
A29: 27 | B29: 2028-09 | C29: =IF(A29<'Fərziyyələr'!$B$25,0,IF(C28=0,'Fərziyyələr'!$B$3,C28*(1+'Fərziyyələr'!$B$4))) | D29: =C29*'Fərziyyələr'!$B$5 | E29: =D29*'Fərziyyələr'!$B$6 | F29: =E29*'Fərziyyələr'!$B$7 | G29: =G28*(1-'Fərziyyələr'!$B$11)+C29*'Fərziyyələr'!$B$9*'Fərziyyələr'!$B$10 | H29: =G29*'Fərziyyələr'!$B$12 | I29: =IF(A29<'Fərziyyələr'!$B$25,0,IF(I28=0,'Fərziyyələr'!$B$13,I28*(1+'Fərziyyələr'!$B$14))) | J29: =I29*'Fərziyyələr'!$B$15 | K29: =F29+H29+J29 | L29: 13 | M29: =17600*(1+'Fərziyyələr'!$B$17) | N29: ='Fərziyyələr'!$B$18+C29/10000*'Fərziyyələr'!$B$19 | O29: =L29*'Fərziyyələr'!$B$20 | P29: =MAX('Fərziyyələr'!$B$22,K29*'Fərziyyələr'!$B$21) | Q29: =D29*'Fərziyyələr'!$B$8 | R29: 0 | S29: ='Fərziyyələr'!$B$23+700 | T29: =(E29+H29+I29)*'Fərziyyələr'!$B$16 | U29: =M29+N29+O29+P29+Q29+R29+S29+T29 | V29: =K29-U29 | W29: =W28+V29
A30: 28 | B30: 2028-10 | C30: =IF(A30<'Fərziyyələr'!$B$25,0,IF(C29=0,'Fərziyyələr'!$B$3,C29*(1+'Fərziyyələr'!$B$4))) | D30: =C30*'Fərziyyələr'!$B$5 | E30: =D30*'Fərziyyələr'!$B$6 | F30: =E30*'Fərziyyələr'!$B$7 | G30: =G29*(1-'Fərziyyələr'!$B$11)+C30*'Fərziyyələr'!$B$9*'Fərziyyələr'!$B$10 | H30: =G30*'Fərziyyələr'!$B$12 | I30: =IF(A30<'Fərziyyələr'!$B$25,0,IF(I29=0,'Fərziyyələr'!$B$13,I29*(1+'Fərziyyələr'!$B$14))) | J30: =I30*'Fərziyyələr'!$B$15 | K30: =F30+H30+J30 | L30: 13 | M30: =17600*(1+'Fərziyyələr'!$B$17) | N30: ='Fərziyyələr'!$B$18+C30/10000*'Fərziyyələr'!$B$19 | O30: =L30*'Fərziyyələr'!$B$20 | P30: =MAX('Fərziyyələr'!$B$22,K30*'Fərziyyələr'!$B$21) | Q30: =D30*'Fərziyyələr'!$B$8 | R30: 0 | S30: ='Fərziyyələr'!$B$23+700 | T30: =(E30+H30+I30)*'Fərziyyələr'!$B$16 | U30: =M30+N30+O30+P30+Q30+R30+S30+T30 | V30: =K30-U30 | W30: =W29+V30
A31: 29 | B31: 2028-11 | C31: =IF(A31<'Fərziyyələr'!$B$25,0,IF(C30=0,'Fərziyyələr'!$B$3,C30*(1+'Fərziyyələr'!$B$4))) | D31: =C31*'Fərziyyələr'!$B$5 | E31: =D31*'Fərziyyələr'!$B$6 | F31: =E31*'Fərziyyələr'!$B$7 | G31: =G30*(1-'Fərziyyələr'!$B$11)+C31*'Fərziyyələr'!$B$9*'Fərziyyələr'!$B$10 | H31: =G31*'Fərziyyələr'!$B$12 | I31: =IF(A31<'Fərziyyələr'!$B$25,0,IF(I30=0,'Fərziyyələr'!$B$13,I30*(1+'Fərziyyələr'!$B$14))) | J31: =I31*'Fərziyyələr'!$B$15 | K31: =F31+H31+J31 | L31: 13 | M31: =17600*(1+'Fərziyyələr'!$B$17) | N31: ='Fərziyyələr'!$B$18+C31/10000*'Fərziyyələr'!$B$19 | O31: =L31*'Fərziyyələr'!$B$20 | P31: =MAX('Fərziyyələr'!$B$22,K31*'Fərziyyələr'!$B$21) | Q31: =D31*'Fərziyyələr'!$B$8 | R31: 0 | S31: ='Fərziyyələr'!$B$23+700 | T31: =(E31+H31+I31)*'Fərziyyələr'!$B$16 | U31: =M31+N31+O31+P31+Q31+R31+S31+T31 | V31: =K31-U31 | W31: =W30+V31
A32: 30 | B32: 2028-12 | C32: =IF(A32<'Fərziyyələr'!$B$25,0,IF(C31=0,'Fərziyyələr'!$B$3,C31*(1+'Fərziyyələr'!$B$4))) | D32: =C32*'Fərziyyələr'!$B$5 | E32: =D32*'Fərziyyələr'!$B$6 | F32: =E32*'Fərziyyələr'!$B$7 | G32: =G31*(1-'Fərziyyələr'!$B$11)+C32*'Fərziyyələr'!$B$9*'Fərziyyələr'!$B$10 | H32: =G32*'Fərziyyələr'!$B$12 | I32: =IF(A32<'Fərziyyələr'!$B$25,0,IF(I31=0,'Fərziyyələr'!$B$13,I31*(1+'Fərziyyələr'!$B$14))) | J32: =I32*'Fərziyyələr'!$B$15 | K32: =F32+H32+J32 | L32: 13 | M32: =17600*(1+'Fərziyyələr'!$B$17) | N32: ='Fərziyyələr'!$B$18+C32/10000*'Fərziyyələr'!$B$19 | O32: =L32*'Fərziyyələr'!$B$20 | P32: =MAX('Fərziyyələr'!$B$22,K32*'Fərziyyələr'!$B$21) | Q32: =D32*'Fərziyyələr'!$B$8 | R32: 0 | S32: ='Fərziyyələr'!$B$23+700 | T32: =(E32+H32+I32)*'Fərziyyələr'!$B$16 | U32: =M32+N32+O32+P32+Q32+R32+S32+T32 | V32: =K32-U32 | W32: =W31+V32
A33: 31 | B33: 2029-01 | C33: =IF(A33<'Fərziyyələr'!$B$25,0,IF(C32=0,'Fərziyyələr'!$B$3,C32*(1+'Fərziyyələr'!$B$4))) | D33: =C33*'Fərziyyələr'!$B$5 | E33: =D33*'Fərziyyələr'!$B$6 | F33: =E33*'Fərziyyələr'!$B$7 | G33: =G32*(1-'Fərziyyələr'!$B$11)+C33*'Fərziyyələr'!$B$9*'Fərziyyələr'!$B$10 | H33: =G33*'Fərziyyələr'!$B$12 | I33: =IF(A33<'Fərziyyələr'!$B$25,0,IF(I32=0,'Fərziyyələr'!$B$13,I32*(1+'Fərziyyələr'!$B$14))) | J33: =I33*'Fərziyyələr'!$B$15 | K33: =F33+H33+J33 | L33: 13 | M33: =17600*(1+'Fərziyyələr'!$B$17) | N33: ='Fərziyyələr'!$B$18+C33/10000*'Fərziyyələr'!$B$19 | O33: =L33*'Fərziyyələr'!$B$20 | P33: =MAX('Fərziyyələr'!$B$22,K33*'Fərziyyələr'!$B$21) | Q33: =D33*'Fərziyyələr'!$B$8 | R33: 0 | S33: ='Fərziyyələr'!$B$23+700 | T33: =(E33+H33+I33)*'Fərziyyələr'!$B$16 | U33: =M33+N33+O33+P33+Q33+R33+S33+T33 | V33: =K33-U33 | W33: =W32+V33
A34: 32 | B34: 2029-02 | C34: =IF(A34<'Fərziyyələr'!$B$25,0,IF(C33=0,'Fərziyyələr'!$B$3,C33*(1+'Fərziyyələr'!$B$4))) | D34: =C34*'Fərziyyələr'!$B$5 | E34: =D34*'Fərziyyələr'!$B$6 | F34: =E34*'Fərziyyələr'!$B$7 | G34: =G33*(1-'Fərziyyələr'!$B$11)+C34*'Fərziyyələr'!$B$9*'Fərziyyələr'!$B$10 | H34: =G34*'Fərziyyələr'!$B$12 | I34: =IF(A34<'Fərziyyələr'!$B$25,0,IF(I33=0,'Fərziyyələr'!$B$13,I33*(1+'Fərziyyələr'!$B$14))) | J34: =I34*'Fərziyyələr'!$B$15 | K34: =F34+H34+J34 | L34: 13 | M34: =17600*(1+'Fərziyyələr'!$B$17) | N34: ='Fərziyyələr'!$B$18+C34/10000*'Fərziyyələr'!$B$19 | O34: =L34*'Fərziyyələr'!$B$20 | P34: =MAX('Fərziyyələr'!$B$22,K34*'Fərziyyələr'!$B$21) | Q34: =D34*'Fərziyyələr'!$B$8 | R34: 0 | S34: ='Fərziyyələr'!$B$23+700 | T34: =(E34+H34+I34)*'Fərziyyələr'!$B$16 | U34: =M34+N34+O34+P34+Q34+R34+S34+T34 | V34: =K34-U34 | W34: =W33+V34
A35: 33 | B35: 2029-03 | C35: =IF(A35<'Fərziyyələr'!$B$25,0,IF(C34=0,'Fərziyyələr'!$B$3,C34*(1+'Fərziyyələr'!$B$4))) | D35: =C35*'Fərziyyələr'!$B$5 | E35: =D35*'Fərziyyələr'!$B$6 | F35: =E35*'Fərziyyələr'!$B$7 | G35: =G34*(1-'Fərziyyələr'!$B$11)+C35*'Fərziyyələr'!$B$9*'Fərziyyələr'!$B$10 | H35: =G35*'Fərziyyələr'!$B$12 | I35: =IF(A35<'Fərziyyələr'!$B$25,0,IF(I34=0,'Fərziyyələr'!$B$13,I34*(1+'Fərziyyələr'!$B$14))) | J35: =I35*'Fərziyyələr'!$B$15 | K35: =F35+H35+J35 | L35: 13 | M35: =17600*(1+'Fərziyyələr'!$B$17) | N35: ='Fərziyyələr'!$B$18+C35/10000*'Fərziyyələr'!$B$19 | O35: =L35*'Fərziyyələr'!$B$20 | P35: =MAX('Fərziyyələr'!$B$22,K35*'Fərziyyələr'!$B$21) | Q35: =D35*'Fərziyyələr'!$B$8 | R35: 0 | S35: ='Fərziyyələr'!$B$23+700 | T35: =(E35+H35+I35)*'Fərziyyələr'!$B$16 | U35: =M35+N35+O35+P35+Q35+R35+S35+T35 | V35: =K35-U35 | W35: =W34+V35
A36: 34 | B36: 2029-04 | C36: =IF(A36<'Fərziyyələr'!$B$25,0,IF(C35=0,'Fərziyyələr'!$B$3,C35*(1+'Fərziyyələr'!$B$4))) | D36: =C36*'Fərziyyələr'!$B$5 | E36: =D36*'Fərziyyələr'!$B$6 | F36: =E36*'Fərziyyələr'!$B$7 | G36: =G35*(1-'Fərziyyələr'!$B$11)+C36*'Fərziyyələr'!$B$9*'Fərziyyələr'!$B$10 | H36: =G36*'Fərziyyələr'!$B$12 | I36: =IF(A36<'Fərziyyələr'!$B$25,0,IF(I35=0,'Fərziyyələr'!$B$13,I35*(1+'Fərziyyələr'!$B$14))) | J36: =I36*'Fərziyyələr'!$B$15 | K36: =F36+H36+J36 | L36: 13 | M36: =17600*(1+'Fərziyyələr'!$B$17) | N36: ='Fərziyyələr'!$B$18+C36/10000*'Fərziyyələr'!$B$19 | O36: =L36*'Fərziyyələr'!$B$20 | P36: =MAX('Fərziyyələr'!$B$22,K36*'Fərziyyələr'!$B$21) | Q36: =D36*'Fərziyyələr'!$B$8 | R36: 0 | S36: ='Fərziyyələr'!$B$23+700 | T36: =(E36+H36+I36)*'Fərziyyələr'!$B$16 | U36: =M36+N36+O36+P36+Q36+R36+S36+T36 | V36: =K36-U36 | W36: =W35+V36
A37: 35 | B37: 2029-05 | C37: =IF(A37<'Fərziyyələr'!$B$25,0,IF(C36=0,'Fərziyyələr'!$B$3,C36*(1+'Fərziyyələr'!$B$4))) | D37: =C37*'Fərziyyələr'!$B$5 | E37: =D37*'Fərziyyələr'!$B$6 | F37: =E37*'Fərziyyələr'!$B$7 | G37: =G36*(1-'Fərziyyələr'!$B$11)+C37*'Fərziyyələr'!$B$9*'Fərziyyələr'!$B$10 | H37: =G37*'Fərziyyələr'!$B$12 | I37: =IF(A37<'Fərziyyələr'!$B$25,0,IF(I36=0,'Fərziyyələr'!$B$13,I36*(1+'Fərziyyələr'!$B$14))) | J37: =I37*'Fərziyyələr'!$B$15 | K37: =F37+H37+J37 | L37: 13 | M37: =17600*(1+'Fərziyyələr'!$B$17) | N37: ='Fərziyyələr'!$B$18+C37/10000*'Fərziyyələr'!$B$19 | O37: =L37*'Fərziyyələr'!$B$20 | P37: =MAX('Fərziyyələr'!$B$22,K37*'Fərziyyələr'!$B$21) | Q37: =D37*'Fərziyyələr'!$B$8 | R37: 0 | S37: ='Fərziyyələr'!$B$23+700 | T37: =(E37+H37+I37)*'Fərziyyələr'!$B$16 | U37: =M37+N37+O37+P37+Q37+R37+S37+T37 | V37: =K37-U37 | W37: =W36+V37
A38: 36 | B38: 2029-06 | C38: =IF(A38<'Fərziyyələr'!$B$25,0,IF(C37=0,'Fərziyyələr'!$B$3,C37*(1+'Fərziyyələr'!$B$4))) | D38: =C38*'Fərziyyələr'!$B$5 | E38: =D38*'Fərziyyələr'!$B$6 | F38: =E38*'Fərziyyələr'!$B$7 | G38: =G37*(1-'Fərziyyələr'!$B$11)+C38*'Fərziyyələr'!$B$9*'Fərziyyələr'!$B$10 | H38: =G38*'Fərziyyələr'!$B$12 | I38: =IF(A38<'Fərziyyələr'!$B$25,0,IF(I37=0,'Fərziyyələr'!$B$13,I37*(1+'Fərziyyələr'!$B$14))) | J38: =I38*'Fərziyyələr'!$B$15 | K38: =F38+H38+J38 | L38: 13 | M38: =17600*(1+'Fərziyyələr'!$B$17) | N38: ='Fərziyyələr'!$B$18+C38/10000*'Fərziyyələr'!$B$19 | O38: =L38*'Fərziyyələr'!$B$20 | P38: =MAX('Fərziyyələr'!$B$22,K38*'Fərziyyələr'!$B$21) | Q38: =D38*'Fərziyyələr'!$B$8 | R38: 0 | S38: ='Fərziyyələr'!$B$23+700 | T38: =(E38+H38+I38)*'Fərziyyələr'!$B$16 | U38: =M38+N38+O38+P38+Q38+R38+S38+T38 | V38: =K38-U38 | W38: =W37+V38
B39: 36 AY CƏMİ | K39: =SUM(K3:K38) | U39: =SUM(U3:U38) | V39: =SUM(V3:V38)

Sheet İllik Xülasə
A1: İLLİK XÜLASƏ (USD)
A2: Göstərici | B2: İl 1 | C2: İl 2 | D2: İl 3 | E2: 3 İL CƏMİ
A3: İstehsal gəliri (marja) | B3: =SUM('36 Aylıq Maliyyə'!F3:F14) | C3: =SUM('36 Aylıq Maliyyə'!F15:F26) | D3: =SUM('36 Aylıq Maliyyə'!F27:F38) | E3: =SUM(B3:D3)
A4: Abunə gəliri | B4: =SUM('36 Aylıq Maliyyə'!H3:H14) | C4: =SUM('36 Aylıq Maliyyə'!H15:H26) | D4: =SUM('36 Aylıq Maliyyə'!H27:H38) | E4: =SUM(B4:D4)
A5: Dizayn komissiya | B5: =SUM('36 Aylıq Maliyyə'!J3:J14) | C5: =SUM('36 Aylıq Maliyyə'!J15:J26) | D5: =SUM('36 Aylıq Maliyyə'!J27:J38) | E5: =SUM(B5:D5)
A6: ÜMUMİ GƏLİR | B6: =SUM('36 Aylıq Maliyyə'!K3:K14) | C6: =SUM('36 Aylıq Maliyyə'!K15:K26) | D6: =SUM('36 Aylıq Maliyyə'!K27:K38) | E6: =SUM(B6:D6)
A7: Maaş+vergi | B7: =SUM('36 Aylıq Maliyyə'!M3:M14) | C7: =SUM('36 Aylıq Maliyyə'!M15:M26) | D7: =SUM('36 Aylıq Maliyyə'!M27:M38) | E7: =SUM(B7:D7)
A8: Marketinq | B8: =SUM('36 Aylıq Maliyyə'!P3:P14) | C8: =SUM('36 Aylıq Maliyyə'!P15:P26) | D8: =SUM('36 Aylıq Maliyyə'!P27:P38) | E8: =SUM(B8:D8)
A9: Sifariş ops | B9: =SUM('36 Aylıq Maliyyə'!Q3:Q14) | C9: =SUM('36 Aylıq Maliyyə'!Q15:Q26) | D9: =SUM('36 Aylıq Maliyyə'!Q27:Q38) | E9: =SUM(B9:D9)
A10: ÜMUMİ XƏRC | B10: =SUM('36 Aylıq Maliyyə'!U3:U14) | C10: =SUM('36 Aylıq Maliyyə'!U15:U26) | D10: =SUM('36 Aylıq Maliyyə'!U27:U38) | E10: =SUM(B10:D10)
A11: NET nəticə | B11: =SUM('36 Aylıq Maliyyə'!V3:V14) | C11: =SUM('36 Aylıq Maliyyə'!V15:V26) | D11: =SUM('36 Aylıq Maliyyə'!V27:V38) | E11: =SUM(B11:D11)
A12: İl sonu yığılmış kassa | B12: ='36 Aylıq Maliyyə'!W14 | C12: ='36 Aylıq Maliyyə'!W26 | D12: ='36 Aylıq Maliyyə'!W38
A13: İl sonu komanda (nəfər) | B13: ='36 Aylıq Maliyyə'!L14 | C13: ='36 Aylıq Maliyyə'!L26 | D13: ='36 Aylıq Maliyyə'!L38
