Workbook

Sheet Pitch Deck (15 slayd)
A1: FEEDRATE — İnvestor Pitch (15 slayd)
A3: # | B3: Slayd | C3: Məzmun (danışıq tezisləri)
A4: 1 | B4: Başlıq & Vizyon | C4: FEEDRATE — CNC frezeleme və 3D-çap üçün ANINDA qiymət mühərriki + brauzer CAD + dizayn marketplace. Vizyon: qlobal self-serve platforma — istifadəçi modeli seçir/qurur, saniyələrlə qiymət alır, dizaynını satır. Slogan: «Fayldan qiymətə 10 saniyə.»
A5: 2 | B5: Problem | C5: • CNC/3D sifarişdə qiymət almaq günlər çəkir — email, gözləmə, geriyə-irəli yazışma. • Kiçik müştəri/mühəndis peşəkar CAD (SolidWorks/Fusion) almaq və öyrənmək istəmir. • Hazır parametrik model tapmaq və ölçüyə uyğunlaşdırmaq çətindir. • Dizaynerlərin sadə detalları satacağı sahə-spesifik bazar yoxdur.
A6: 3 | B6: Həll | C6: Tək platformada 3 modul: 1) 3D model kitabxanası → seç → ölçü qoy → anında qiymət. 2) Brauzer CAD redaktoru (Three.js + CSG) — quraşdırma yoxdur, anlıq qiymət. 3) Dizayn marketplace — dizayneri sat, biz komissiya alırıq.
A7: 4 | B7: Məhsul necə işləyir | C7: Anonim 1 pulsuz qiymət → qeydiyyat divarı → pulsuz hesab (5/ay) → limit → ödənişli paket. CAD-da model qur → STL/OBJ export → anlıq qiymət. Dizaynı listing kimi sat → Stripe → payout. Başlanğıcda supplier YOXDUR — yalnız software + komissiya geliri (aşağı risk).
A8: 5 | B8: Bazar | C8: TAM: qlobal rəqəmsal istehsal / on-demand manufacturing — onlarla milyard $. SAM: self-serve instant-quote + onlayn CAD istifadəçiləri (mühəndis, startap, hobbi, kiçik istehsal). SOM (3 il): aylıq 80K+ ziyarətçi, minlərlə pulsuz, yüzlərlə ödənişli istifadəçi. Trend: distributed manufacturing, 3D-print bumu, no-code/brauzer alətləri.
A9: 6 | B9: Biznes modeli — 2 gəlir mənbəyi | C9: A) ABUNƏ (SaaS): istifadəçi → biz, 100% bizim (yalnız ~3% Stripe haqqı). B) MARKETPLACE KOMİSSİYASI: alıcı → satıcı, bizə yalnız 5–10% (təxminən 8%). Nümunə: $20 dizayn satışı → ~$1.6 bizim, $18.4 satıcıya. Abunədə isə tam məbləğ bizim. İki ayrı axın = davamlı MRR + həcmlə böyüyən komissiya.
A10: 7 | B10: Qiymət paketləri | C10: Free $0 — 5 hesablama/5 yükləmə ay, məhdud CAD, komissiya 10%. Starter $9 — 50 hesablama/25 yükləmə, tam CAD, komissiya 8%. Pro $29 — limitsiz hesablama/100 yükləmə, brendli PDF, komissiya 7%. Business $99 — limitsiz, API/komanda, komissiya 5%. Blended ARPU ~$22/ay (model fərziyyəsi).
A11: 8 | B11: Marketplace | C11: Listing (ad, qiymət, lisenziya, fayl) → alış (Stripe) → çatdırılma → komissiya + payout (Stripe Connect). Moderasiya + müəllif hüququ takedown prosesi. Aşağı komissiya çox satıcı cəlb edir → tələb artanda komissiya qaldırıla bilər (pricing power).
A12: 9 | B12: Texnologiya / arxitektura | C12: Frontend: Next.js + React + Three.js. Auth: Auth.js (email + təsdiq). Backend: Next.js route handlers. DB: PostgreSQL (Neon/Supabase) + Prisma. Saxlama: S3/Cloudflare R2. Ödəniş: Stripe (Subscriptions + Connect). CAD nüvə: three + three-bvh-csg (client-side, ucuz infra). Client-side CAD = server xərci minimal, miqyaslana bilən memarlıq.
A13: 10 | B13: Rəqabət / fərqlənmə | C13: Rəqiblər: Xometry/Protolabs (instant-quote, lakin ağır B2B, supplier-ağır), Thangs/Thingiverse (model, qiymət yox), Onshape/Tinkercad (CAD, qiymət+marketplace yox). Bizim fərq: QİYMƏT + BRAUZER CAD + MARKETPLACE bir yerdə, self-serve, supplier-siz başlanğıc, qlobal.
A14: 11 | B14: Traksiya & yol xəritəsi | C14: Faza 1: Auth+DB+limit+mövcud quote/3D. Faza 2: lisenziyalı model qaleriyası + parametrik ölçü. Faza 3: Stripe + paketlər. Faza 4: CAD MVP (three-bvh-csg). Faza 5: Marketplace + payout. Mövcud: işlək HTML prototip + Next.js skeleti (cnc-quote-pro). 90 günlük validasiya planı hazırdır.
... A18: 15 | B18: İnvestisiya tələbi / Ask | C18: Tələb: seed investisiya (başlanğıc kapital «Fərziyyələr»!B18-də dəyişdirilə bilər) — 18–24 ay runway. İstifadə: komanda (~60%), məhsul/infra (~15%), marketinq (~20%), inzibati (~5%). Çıxış/qayıdış: SaaS MRR + marketplace GMV böyüməsi. Əlaqə: Kayzen · support@kayzen.az

Sheet Komanda & Rollar
A1: KOMANDA, ROLLAR və MAAŞLAR (aylıq brüt, USD)
A2: # | B2: Rol / Vəzifə | C2: Başlama (ay) | D2: Əsas məsuliyyət — kim nə edir | E2: Aylıq maaş $ | F2: Tip
A3: 1 | B3: CEO / Təsisçi | C3: Ay 1 | D3: Strategiya, investor, partnyorluq, ümumi idarəetmə, məhsul vizyonu | E3: 1500 | F3: Tam
A4: 2 | B4: CTO / Lead CAD developer | C4: Ay 1 | D4: Brauzer CAD (Three.js+CSG), arxitektura, qiymət mühərriki, kod nəzarəti | E4: 2500 | F4: Tam
A5: 3 | B5: Frontend developer | C5: Ay 2 | D5: UI, qaleriya, redaktor interfeysi, paket/limit ekranları, responsiv | E5: 1500 | F5: Tam
A6: 4 | B6: UI/UX designer | C6: Ay 4 | D6: Dizayn sistemi, istifadəçi axını, marketplace UX, brendli PDF şablon | E6: 1200 | F6: Tam
A7: 5 | B7: Backend developer | C7: Ay 5 | D7: Auth, DB (Postgres/Prisma), limit/anti-abuse, Stripe, payout, API | E7: 1800 | F7: Tam
A8: 6 | B8: Marketinq / Growth | C8: Ay 7 | D8: SEO, kontent, icma, reklam, CAC/LTV, konversiya optimallaşdırma | E8: 1500 | F8: Tam
A9: 7 | B9: Financist / Mühasib | C9: Ay 7 | D9: Büdcə, cash-flow, vergi/SSF, hesabatlar, investor maliyyə paneli | E9: 600 | F9: Part-time
A10: 8 | B10: 3D / CAD kontent mütəxəssisi | C10: Ay 10 | D10: Model kitabxanası, lisenziya yoxlaması, parametrik şablonlar, moderasiya | E10: 900 | F10: Tam
A11: 9 | B11: Müştəri dəstəyi | C11: Ay 13 | D11: Dəstək, onboarding, bug triage, marketplace mübahisələri | E11: 800 | F11: Tam
A12: 10 | B12: Frontend / QA developer #2 | C12: Ay 19 | D12: Yeni funksiyalar, test, keyfiyyət, performans | E12: 1500 | F12: Tam
A13: 11 | B13: Sales / BizDev | C13: Ay 25 | D13: Business paket satışı, B2B, API müştəriləri, partnyorluq | E13: 1500 | F13: Tam
D14: Tam komanda aylıq brüt maaş (hamısı işə düşəndə): | E14: =SUM(E3:E13)
B16: Qeyd: | D16: Maaşlar Azərbaycan/remote bazarına uyğun brüt USD-dir. İşəgötürən üzərinə ~25% vergi/SSF əlavə olunur («Fərziyyələr»!B11). Faktiki maaş = brüt × 1.25.

Sheet Aylıq İş Planı
A1: AYLIQ / FAZALI İŞ PLANI — KİM NƏ EDİR
A2: Dövr | B2: Faza / Fokus | C2: Kim nə edir | D2: Çatdırılma (nəticə)
A3: Ay 1–3 | B3: Faza 1 — Təməl | C3: CEO: investor/kapital, hüquqi qeydiyyat. CTO: arxitektura + qiymət mühərriki + 3D core. Frontend: əsas UI + mövcud quote ekranı. | D3: Auth + DB + limit (anonim 1, hesab 5/ay, 1 IP=1) + işlək quote/3D
A4: Ay 3–5 | B4: Faza 2 — Kitabxana | C4: CTO+Frontend: model qaleriyası + parametrik ölçü. UI/UX: dizayn sistemi + axınlar. Backend (Ay5): DB sxemləri, anti-abuse. | D4: Lisenziyalı 3D model qaleriyası + bounding-box parametrik ölçü
A5: Ay 5–7 | B5: Faza 3 — Ödəniş | C5: Backend: Stripe Subscriptions + paket/limit məntiqi. Frontend: paket ekranları. Financist (Ay7): qiymət/maliyyə modeli, vergi. | D5: Free/Starter/Pro/Business paketləri canlı + ödəniş axını
A6: Ay 7–10 | B6: Faza 4 — CAD MVP | C6: CTO: three-bvh-csg redaktor (primitivlər, boolean, extrude, undo/redo, export). Marketinq (Ay7): SEO+launch. Frontend: redaktor UI. | D6: Brauzer CAD redaktoru v1 + export limiti + anlıq qiymət
A7: Ay 10–14 | B7: Faza 5 — Marketplace | C7: Backend: listing+order+Stripe Connect payout. 3D kontent (Ay10): kitabxana+moderasiya. Dəstək (Ay13): istifadəçi dəstəyi. | D7: Dizayn marketplace + komissiya + payout işlək
A8: Ay 14–24 | B8: Böyümə & optimallaşdırma | C8: Marketinq: CAC/LTV, kanallar. CTO/QA(#2 Ay19): fillet/ölçü, performans, STEP araşdırma. Financist: aylıq hesabat, runway izləmə. | D8: Konversiya artımı, churn azalması, MRR böyüməsi, CAD v2
A9: Ay 24–36 | B9: Miqyas & B2B | C9: Sales/BizDev (Ay25): Business/API satışı, partnyorluq. CTO: STEP export (OpenCascade), API. Komanda: stabil əməliyyat + dəstək. | D9: API/komanda paketi, B2B müştərilər, beynəlxalq genişlənmə

Sheet Kompüter & Avadanlıq
A1: KOMPÜTER, AVADANLIQ və PROQRAM XƏRCLƏRİ (USD)
A2: Avadanlıq (hər nəfər üçün) | B2: Sayı | C2: Vahid $ | D2: Cəmi $ | E2: Qeyd
A3: Developer noutbuk/iş stansiyası (GPU — 3D/CAD) | B3: 6 | C3: 1500 | D3: =B3*C3 | E3: CAD/Three.js render üçün güclü GPU lazımdır
A4: Monitor + klaviatura + siçan | B4: 8 | C4: 300 | D4: =B4*C4 | E4: Hər iş yeri üçün
A5: Ofis/qeyri-tex işçi noutbuku | B5: 4 | C5: 800 | D5: =B5*C5 | E5: Marketinq, financist, dəstək, sales
A6: Test cihazları (telefon/tablet) | B6: 1 | C6: 600 | D6: =B6*C6 | E6: Responsiv/mobil test
A7: Şəbəkə/NAS/backup | B7: 1 | C7: 700 | D7: =B7*C7 | E7: Yedəkləmə və paylaşım
A8: AVADANLIQ CƏMİ (birdəfəlik, fazalı alınır) | D8: =SUM(D3:D7)
A10: Proqram / Servis (aylıq) | B10: Sayı | C10: Aylıq $ | D10: İllik $ | E10: Qeyd
A11: Hosting / Vercel / infra | B11: 1 | C11: 150 | D11: =B11*C11*12 | E11: Trafikə görə artır (modeldə dinamik)
A12: PostgreSQL (Neon/Supabase) | B12: 1 | C12: 60 | D12: =B12*C12*12 | E12: Verilənlər bazası
A13: Cloudflare R2 / S3 saxlama | B13: 1 | C13: 40 | D13: =B13*C13*12 | E13: Fayl/model saxlama
A14: Stripe | B14: 1 | C14: 0 | D14: =B14*C14*12 | E14: Faiz əsaslı (~3% — modeldə ayrıca)
A15: Domen + email + Google Workspace | B15: 6 | C15: 8 | D15: =B15*C15*12 | E15: Hər istifadəçi/ay
A16: Dizayn (Figma) + analitika + alətlər | B16: 1 | C16: 120 | D16: =B16*C16*12 | E16: Komanda lisenziyaları
A17: GitHub / CI / monitoring | B17: 1 | C17: 80 | D17: =B17*C17*12 | E17: DevOps
A18: PROQRAM/SERVIS CƏMİ | C18: =SUM(C11:C17) | D18: =SUM(D11:D17)

Sheet Fərziyyələr
A1: FƏRZİYYƏLƏR — buraları dəyişin, model yenilənir (Orta ssenari)
A2: Parametr | B2: Dəyər | C2: İzah
A3: Başlanğıc aylıq ziyarətçi | B3: 3000 | C3: 1-ci ay
A4: Ziyarətçi aylıq artım | B4: 0.1 | C4: 10%/ay
A5: Pulsuz qeydiyyat dərəcəsi (ziyarətçidən) | B5: 0.22 | C5: ziyarətçinin 22%-i
A6: Ödənişli konversiya (yeni pulsuzdan) | B6: 0.04 | C6: 4%
A7: Aylıq churn (ödənişli) | B7: 0.06 | C7: 6%/ay ləğv
A8: Blended ARPU ($/ay) | B8: 22 | C8: paketlərin orta dəyəri
A9: Stripe / ödəniş faizi | B9: 0.03 | C9: 3%
A10: Marketplace GMV — 1-ci ay ($) | B10: 500 | C10: satış həcmi
A11: GMV aylıq artım | B11: 0.12 | C11: 12%/ay
A12: Komissiya faizi | B12: 0.08 | C12: 8% bizə
A13: Maaş üzərinə vergi/SSF əmsalı | B13: 0.25 | C13: işəgötürən ~25%
A14: Hosting baza ($/ay) | B14: 150 | C14: minimum infra
... A20: Başlanğıc kapital / investisiya ($) | B20: 60000 | C20: seed — runway üçün

Sheet 36 Aylıq Maliyyə
A1: 36 AYLIQ GƏLİR-XƏRC MODELİ (canlı düsturlu — Fərziyyələr dəyişdikcə yenilənir)
A2: Ay | B2: Tarix | C2: Ziyarətçi | D2: Yeni pulsuz | E2: Ödənişli istifadəçi | F2: Abunə gəliri $ | G2: Marketplace GMV $ | H2: Komissiya $ | I2: ÜMUMİ GƏLİR $ | J2: Komanda (nəfər) | K2: Maaş brüt $ | L2: Maaş+vergi $ | M2: Hosting/infra $ | N2: Software $ | O2: Marketinq $ | P2: Avadanlıq $ | Q2: İnzibati $ | R2: Stripe $ | S2: ÜMUMİ XƏRC $ | T2: Aylıq NET $ | U2: Yığılmış kassa $
A3: 1 | B3: 2026-07 | C3: ='Fərziyyələr'!$B$3 | D3: =C3*'Fərziyyələr'!$B$5 | E3: =D3*'Fərziyyələr'!$B$6 | F3: =E3*'Fərziyyələr'!$B$8 | G3: ='Fərziyyələr'!$B$10 | H3: =G3*'Fərziyyələr'!$B$12 | I3: =F3+H3 | J3: 2 | K3: 4000 | L3: =K3*(1+'Fərziyyələr'!$B$13) | M3: ='Fərziyyələr'!$B$14+C3/10000*'Fərziyyələr'!$B$15 | N3: =J3*'Fərziyyələr'!$B$16 | O3: =MAX('Fərziyyələr'!$B$18,I3*'Fərziyyələr'!$B$17) | P3: 2900 | Q3: ='Fərziyyələr'!$B$19+0 | R3: =I3*'Fərziyyələr'!$B$9 | S3: =L3+M3+N3+O3+P3+Q3+R3 | T3: =I3-S3 | U3: ='Fərziyyələr'!$B$20+T3
A4: 2 | B4: 2026-08 | C4: =C3*(1+'Fərziyyələr'!$B$4) | D4: =C4*'Fərziyyələr'!$B$5 | E4: =E3*(1-'Fərziyyələr'!$B$7)+D4*'Fərziyyələr'!$B$6 | F4: =E4*'Fərziyyələr'!$B$8 | G4: =G3*(1+'Fərziyyələr'!$B$11) | H4: =G4*'Fərziyyələr'!$B$12 | I4: =F4+H4 | J4: 3 | K4: 5500 | L4: =K4*(1+'Fərziyyələr'!$B$13) | M4: ='Fərziyyələr'!$B$14+C4/10000*'Fərziyyələr'!$B$15 | N4: =J4*'Fərziyyələr'!$B$16 | O4: =MAX('Fərziyyələr'!$B$18,I4*'Fərziyyələr'!$B$17) | P4: 1800 | Q4: ='Fərziyyələr'!$B$19+0 | R4: =I4*'Fərziyyələr'!$B$9 | S4: =L4+M4+N4+O4+P4+Q4+R4 | T4: =I4-S4 | U4: =U3+T4
A5: 3 | B5: 2026-09 | C5: =C4*(1+'Fərziyyələr'!$B$4) | D5: =C5*'Fərziyyələr'!$B$5 | E5: =E4*(1-'Fərziyyələr'!$B$7)+D5*'Fərziyyələr'!$B$6 | F5: =E5*'Fərziyyələr'!$B$8 | G5: =G4*(1+'Fərziyyələr'!$B$11) | H5: =G5*'Fərziyyələr'!$B$12 | I5: =F5+H5 | J5: 3 | K5: 5500 | L5: =K5*(1+'Fərziyyələr'!$B$13) | M5: ='Fərziyyələr'!$B$14+C5/10000*'Fərziyyələr'!$B$15 | N5: =J5*'Fərziyyələr'!$B$16 | O5: =MAX('Fərziyyələr'!$B$18,I5*'Fərziyyələr'!$B$17) | P5: 0 | Q5: ='Fərziyyələr'!$B$19+0 | R5: =I5*'Fərziyyələr'!$B$9 | S5: =L5+M5+N5+O5+P5+Q5+R5 | T5: =I5-S5 | U5: =U4+T5
A6: 4 | B6: 2026-10 | C6: =C5*(1+'Fərziyyələr'!$B$4) | D6: =C6*'Fərziyyələr'!$B$5 | E6: =E5*(1-'Fərziyyələr'!$B$7)+D6*'Fərziyyələr'!$B$6 | F6: =E6*'Fərziyyələr'!$B$8 | G6: =G5*(1+'Fərziyyələr'!$B$11) | H6: =G6*'Fərziyyələr'!$B$12 | I6: =F6+H6 | J6: 4 | K6: 6700 | L6: =K6*(1+'Fərziyyələr'!$B$13) | M6: ='Fərziyyələr'!$B$14+C6/10000*'Fərziyyələr'!$B$15 | N6: =J6*'Fərziyyələr'!$B$16 | O6: =MAX('Fərziyyələr'!$B$18,I6*'Fərziyyələr'!$B$17) | P6: 1100 | Q6: ='Fərziyyələr'!$B$19+0 | R6: =I6*'Fərziyyələr'!$B$9 | S6: =L6+M6+N6+O6+P6+Q6+R6 | T6: =I6-S6 | U6: =U5+T6
A7: 5 | B7: 2026-11 | C7: =C6*(1+'Fərziyyələr'!$B$4) | D7: =C7*'Fərziyyələr'!$B$5 | E7: =E6*(1-'Fərziyyələr'!$B$7)+D7*'Fərziyyələr'!$B$6 | F7: =E7*'Fərziyyələr'!$B$8 | G7: =G6*(1+'Fərziyyələr'!$B$11) | H7: =G7*'Fərziyyələr'!$B$12 | I7: =F7+H7 | J7: 5 | K7: 8500 | L7: =K7*(1+'Fərziyyələr'!$B$13) | M7: ='Fərziyyələr'!$B$14+C7/10000*'Fərziyyələr'!$B$15 | N7: =J7*'Fərziyyələr'!$B$16 | O7: =MAX('Fərziyyələr'!$B$18,I7*'Fərziyyələr'!$B$17) | P7: 1800 | Q7: ='Fərziyyələr'!$B$19+0 | R7: =I7*'Fərziyyələr'!$B$9 | S7: =L7+M7+N7+O7+P7+Q7+R7 | T7: =I7-S7 | U7: =U6+T7
A8: 6 | B8: 2026-12 | C8: =C7*(1+'Fərziyyələr'!$B$4) | D8: =C8*'Fərziyyələr'!$B$5 | E8: =E7*(1-'Fərziyyələr'!$B$7)+D8*'Fərziyyələr'!$B$6 | F8: =E8*'Fərziyyələr'!$B$8 | G8: =G7*(1+'Fərziyyələr'!$B$11) | H8: =G8*'Fərziyyələr'!$B$12 | I8: =F8+H8 | J8: 5 | K8: 8500 | L8: =K8*(1+'Fərziyyələr'!$B$13) | M8: ='Fərziyyələr'!$B$14+C8/10000*'Fərziyyələr'!$B$15 | N8: =J8*'Fərziyyələr'!$B$16 | O8: =MAX('Fərziyyələr'!$B$18,I8*'Fərziyyələr'!$B$17) | P8: 0 | Q8: ='Fərziyyələr'!$B$19+0 | R8: =I8*'Fərziyyələr'!$B$9 | S8: =L8+M8+N8+O8+P8+Q8+R8 | T8: =I8-S8 | U8: =U7+T8
A9: 7 | B9: 2027-01 | C9: =C8*(1+'Fərziyyələr'!$B$4) | D9: =C9*'Fərziyyələr'!$B$5 | E9: =E8*(1-'Fərziyyələr'!$B$7)+D9*'Fərziyyələr'!$B$6 | F9: =E9*'Fərziyyələr'!$B$8 | G9: =G8*(1+'Fərziyyələr'!$B$11) | H9: =G9*'Fərziyyələr'!$B$12 | I9: =F9+H9 | J9: 7 | K9: 10600 | L9: =K9*(1+'Fərziyyələr'!$B$13) | M9: ='Fərziyyələr'!$B$14+C9/10000*'Fərziyyələr'!$B$15 | N9: =J9*'Fərziyyələr'!$B$16 | O9: =MAX('Fərziyyələr'!$B$18,I9*'Fərziyyələr'!$B$17) | P9: 2200 | Q9: ='Fərziyyələr'!$B$19+0 | R9: =I9*'Fərziyyələr'!$B$9 | S9: =L9+M9+N9+O9+P9+Q9+R9 | T9: =I9-S9 | U9: =U8+T9
A10: 8 | B10: 2027-02 | C10: =C9*(1+'Fərziyyələr'!$B$4) | D10: =C10*'Fərziyyələr'!$B$5 | E10: =E9*(1-'Fərziyyələr'!$B$7)+D10*'Fərziyyələr'!$B$6 | F10: =E10*'Fərziyyələr'!$B$8 | G10: =G9*(1+'Fərziyyələr'!$B$11) | H10: =G10*'Fərziyyələr'!$B$12 | I10: =F10+H10 | J10: 7 | K10: 10600 | L10: =K10*(1+'Fərziyyələr'!$B$13) | M10: ='Fərziyyələr'!$B$14+C10/10000*'Fərziyyələr'!$B$15 | N10: =J10*'Fərziyyələr'!$B$16 | O10: =MAX('Fərziyyələr'!$B$18,I10*'Fərziyyələr'!$B$17) | P10: 0 | Q10: ='Fərziyyələr'!$B$19+0 | R10: =I10*'Fərziyyələr'!$B$9 | S10: =L10+M10+N10+O10+P10+Q10+R10 | T10: =I10-S10 | U10: =U9+T10
A11: 9 | B11: 2027-03 | C11: =C10*(1+'Fərziyyələr'!$B$4) | D11: =C11*'Fərziyyələr'!$B$5 | E11: =E10*(1-'Fərziyyələr'!$B$7)+D11*'Fərziyyələr'!$B$6 | F11: =E11*'Fərziyyələr'!$B$8 | G11: =G10*(1+'Fərziyyələr'!$B$11) | H11: =G11*'Fərziyyələr'!$B$12 | I11: =F11+H11 | J11: 7 | K11: 10600 | L11: =K11*(1+'Fərziyyələr'!$B$13) | M11: ='Fərziyyələr'!$B$14+C11/10000*'Fərziyyələr'!$B$15 | N11: =J11*'Fərziyyələr'!$B$16 | O11: =MAX('Fərziyyələr'!$B$18,I11*'Fərziyyələr'!$B$17) | P11: 0 | Q11: ='Fərziyyələr'!$B$19+0 | R11: =I11*'Fərziyyələr'!$B$9 | S11: =L11+M11+N11+O11+P11+Q11+R11 | T11: =I11-S11 | U11: =U10+T11
A12: 10 | B12: 2027-04 | C12: =C11*(1+'Fərziyyələr'!$B$4) | D12: =C12*'Fərziyyələr'!$B$5 | E12: =E11*(1-'Fərziyyələr'!$B$7)+D12*'Fərziyyələr'!$B$6 | F12: =E12*'Fərziyyələr'!$B$8 | G12: =G11*(1+'Fərziyyələr'!$B$11) | H12: =G12*'Fərziyyələr'!$B$12 | I12: =F12+H12 | J12: 8 | K12: 11500 | L12: =K12*(1+'Fərziyyələr'!$B$13) | M12: ='Fərziyyələr'!$B$14+C12/10000*'Fərziyyələr'!$B$15 | N12: =J12*'Fərziyyələr'!$B$16 | O12: =MAX('Fərziyyələr'!$B$18,I12*'Fərziyyələr'!$B$17) | P12: 1800 | Q12: ='Fərziyyələr'!$B$19+0 | R12: =I12*'Fərziyyələr'!$B$9 | S12: =L12+M12+N12+O12+P12+Q12+R12 | T12: =I12-S12 | U12: =U11+T12
A13: 11 | B13: 2027-05 | C13: =C12*(1+'Fərziyyələr'!$B$4) | D13: =C13*'Fərziyyələr'!$B$5 | E13: =E12*(1-'Fərziyyələr'!$B$7)+D13*'Fərziyyələr'!$B$6 | F13: =E13*'Fərziyyələr'!$B$8 | G13: =G12*(1+'Fərziyyələr'!$B$11) | H13: =G13*'Fərziyyələr'!$B$12 | I13: =F13+H13 | J13: 8 | K13: 11500 | L13: =K13*(1+'Fərziyyələr'!$B$13) | M13: ='Fərziyyələr'!$B$14+C13/10000*'Fərziyyələr'!$B$15 | N13: =J13*'Fərziyyələr'!$B$16 | O13: =MAX('Fərziyyələr'!$B$18,I13*'Fərziyyələr'!$B$17) | P13: 0 | Q13: ='Fərziyyələr'!$B$19+0 | R13: =I13*'Fərziyyələr'!$B$9 | S13: =L13+M13+N13+O13+P13+Q13+R13 | T13: =I13-S13 | U13: =U12+T13
A14: 12 | B14: 2027-06 | C14: =C13*(1+'Fərziyyələr'!$B$4) | D14: =C14*'Fərziyyələr'!$B$5 | E14: =E13*(1-'Fərziyyələr'!$B$7)+D14*'Fərziyyələr'!$B$6 | F14: =E14*'Fərziyyələr'!$B$8 | G14: =G13*(1+'Fərziyyələr'!$B$11) | H14: =G14*'Fərziyyələr'!$B$12 | I14: =F14+H14 | J14: 8 | K14: 11500 | L14: =K14*(1+'Fərziyyələr'!$B$13) | M14: ='Fərziyyələr'!$B$14+C14/10000*'Fərziyyələr'!$B$15 | N14: =J14*'Fərziyyələr'!$B$16 | O14: =MAX('Fərziyyələr'!$B$18,I14*'Fərziyyələr'!$B$17) | P14: 0 | Q14: ='Fərziyyələr'!$B$19+0 | R14: =I14*'Fərziyyələr'!$B$9 | S14: =L14+M14+N14+O14+P14+Q14+R14 | T14: =I14-S14 | U14: =U13+T14
A15: 13 | B15: 2027-07 | C15: =C14*(1+'Fərziyyələr'!$B$4) | D15: =C15*'Fərziyyələr'!$B$5 | E15: =E14*(1-'Fərziyyələr'!$B$7)+D15*'Fərziyyələr'!$B$6 | F15: =E15*'Fərziyyələr'!$B$8 | G15: =G14*(1+'Fərziyyələr'!$B$11) | H15: =G15*'Fərziyyələr'!$B$12 | I15: =F15+H15 | J15: 9 | K15: 12300 | L15: =K15*(1+'Fərziyyələr'!$B$13) | M15: ='Fərziyyələr'!$B$14+C15/10000*'Fərziyyələr'!$B$15 | N15: =J15*'Fərziyyələr'!$B$16 | O15: =MAX('Fərziyyələr'!$B$18,I15*'Fərziyyələr'!$B$17) | P15: 1100 | Q15: ='Fərziyyələr'!$B$19+300 | R15: =I15*'Fərziyyələr'!$B$9 | S15: =L15+M15+N15+O15+P15+Q15+R15 | T15: =I15-S15 | U15: =U14+T15
A16: 14 | B16: 2027-08 | C16: =C15*(1+'Fərziyyələr'!$B$4) | D16: =C16*'Fərziyyələr'!$B$5 | E16: =E15*(1-'Fərziyyələr'!$B$7)+D16*'Fərziyyələr'!$B$6 | F16: =E16*'Fərziyyələr'!$B$8 | G16: =G15*(1+'Fərziyyələr'!$B$11) | H16: =G16*'Fərziyyələr'!$B$12 | I16: =F16+H16 | J16: 9 | K16: 12300 | L16: =K16*(1+'Fərziyyələr'!$B$13) | M16: ='Fərziyyələr'!$B$14+C16/10000*'Fərziyyələr'!$B$15 | N16: =J16*'Fərziyyələr'!$B$16 | O16: =MAX('Fərziyyələr'!$B$18,I16*'Fərziyyələr'!$B$17) | P16: 0 | Q16: ='Fərziyyələr'!$B$19+300 | R16: =I16*'Fərziyyələr'!$B$9 | S16: =L16+M16+N16+O16+P16+Q16+R16 | T16: =I16-S16 | U16: =U15+T16
A17: 15 | B17: 2027-09 | C17: =C16*(1+'Fərziyyələr'!$B$4) | D17: =C17*'Fərziyyələr'!$B$5 | E17: =E16*(1-'Fərziyyələr'!$B$7)+D17*'Fərziyyələr'!$B$6 | F17: =E17*'Fərziyyələr'!$B$8 | G17: =G16*(1+'Fərziyyələr'!$B$11) | H17: =G17*'Fərziyyələr'!$B$12 | I17: =F17+H17 | J17: 9 | K17: 12300 | L17: =K17*(1+'Fərziyyələr'!$B$13) | M17: ='Fərziyyələr'!$B$14+C17/10000*'Fərziyyələr'!$B$15 | N17: =J17*'Fərziyyələr'!$B$16 | O17: =MAX('Fərziyyələr'!$B$18,I17*'Fərziyyələr'!$B$17) | P17: 0 | Q17: ='Fərziyyələr'!$B$19+300 | R17: =I17*'Fərziyyələr'!$B$9 | S17: =L17+M17+N17+O17+P17+Q17+R17 | T17: =I17-S17 | U17: =U16+T17
A18: 16 | B18: 2027-10 | C18: =C17*(1+'Fərziyyələr'!$B$4) | D18: =C18*'Fərziyyələr'!$B$5 | E18: =E17*(1-'Fərziyyələr'!$B$7)+D18*'Fərziyyələr'!$B$6 | F18: =E18*'Fərziyyələr'!$B$8 | G18: =G17*(1+'Fərziyyələr'!$B$11) | H18: =G18*'Fərziyyələr'!$B$12 | I18: =F18+H18 | J18: 9 | K18: 12300 | L18: =K18*(1+'Fərziyyələr'!$B$13) | M18: ='Fərziyyələr'!$B$14+C18/10000*'Fərziyyələr'!$B$15 | N18: =J18*'Fərziyyələr'!$B$16 | O18: =MAX('Fərziyyələr'!$B$18,I18*'Fərziyyələr'!$B$17) | P18: 0 | Q18: ='Fərziyyələr'!$B$19+300 | R18: =I18*'Fərziyyələr'!$B$9 | S18: =L18+M18+N18+O18+P18+Q18+R18 | T18: =I18-S18 | U18: =U17+T18
A19: 17 | B19: 2027-11 | C19: =C18*(1+'Fərziyyələr'!$B$4) | D19: =C19*'Fərziyyələr'!$B$5 | E19: =E18*(1-'Fərziyyələr'!$B$7)+D19*'Fərziyyələr'!$B$6 | F19: =E19*'Fərziyyələr'!$B$8 | G19: =G18*(1+'Fərziyyələr'!$B$11) | H19: =G19*'Fərziyyələr'!$B$12 | I19: =F19+H19 | J19: 9 | K19: 12300 | L19: =K19*(1+'Fərziyyələr'!$B$13) | M19: ='Fərziyyələr'!$B$14+C19/10000*'Fərziyyələr'!$B$15 | N19: =J19*'Fərziyyələr'!$B$16 | O19: =MAX('Fərziyyələr'!$B$18,I19*'Fərziyyələr'!$B$17) | P19: 0 | Q19: ='Fərziyyələr'!$B$19+300 | R19: =I19*'Fərziyyələr'!$B$9 | S19: =L19+M19+N19+O19+P19+Q19+R19 | T19: =I19-S19 | U19: =U18+T19
A20: 18 | B20: 2027-12 | C20: =C19*(1+'Fərziyyələr'!$B$4) | D20: =C20*'Fərziyyələr'!$B$5 | E20: =E19*(1-'Fərziyyələr'!$B$7)+D20*'Fərziyyələr'!$B$6 | F20: =E20*'Fərziyyələr'!$B$8 | G20: =G19*(1+'Fərziyyələr'!$B$11) | H20: =G20*'Fərziyyələr'!$B$12 | I20: =F20+H20 | J20: 9 | K20: 12300 | L20: =K20*(1+'Fərziyyələr'!$B$13) | M20: ='Fərziyyələr'!$B$14+C20/10000*'Fərziyyələr'!$B$15 | N20: =J20*'Fərziyyələr'!$B$16 | O20: =MAX('Fərziyyələr'!$B$18,I20*'Fərziyyələr'!$B$17) | P20: 0 | Q20: ='Fərziyyələr'!$B$19+300 | R20: =I20*'Fərziyyələr'!$B$9 | S20: =L20+M20+N20+O20+P20+Q20+R20 | T20: =I20-S20 | U20: =U19+T20
A21: 19 | B21: 2028-01 | C21: =C20*(1+'Fərziyyələr'!$B$4) | D21: =C21*'Fərziyyələr'!$B$5 | E21: =E20*(1-'Fərziyyələr'!$B$7)+D21*'Fərziyyələr'!$B$6 | F21: =E21*'Fərziyyələr'!$B$8 | G21: =G20*(1+'Fərziyyələr'!$B$11) | H21: =G21*'Fərziyyələr'!$B$12 | I21: =F21+H21 | J21: 10 | K21: 13800 | L21: =K21*(1+'Fərziyyələr'!$B$13) | M21: ='Fərziyyələr'!$B$14+C21/10000*'Fərziyyələr'!$B$15 | N21: =J21*'Fərziyyələr'!$B$16 | O21: =MAX('Fərziyyələr'!$B$18,I21*'Fərziyyələr'!$B$17) | P21: 1800 | Q21: ='Fərziyyələr'!$B$19+300 | R21: =I21*'Fərziyyələr'!$B$9 | S21: =L21+M21+N21+O21+P21+Q21+R21 | T21: =I21-S21 | U21: =U20+T21
A22: 20 | B22: 2028-02 | C22: =C21*(1+'Fərziyyələr'!$B$4) | D22: =C22*'Fərziyyələr'!$B$5 | E22: =E21*(1-'Fərziyyələr'!$B$7)+D22*'Fərziyyələr'!$B$6 | F22: =E22*'Fərziyyələr'!$B$8 | G22: =G21*(1+'Fərziyyələr'!$B$11) | H22: =G22*'Fərziyyələr'!$B$12 | I22: =F22+H22 | J22: 10 | K22: 13800 | L22: =K22*(1+'Fərziyyələr'!$B$13) | M22: ='Fərziyyələr'!$B$14+C22/10000*'Fərziyyələr'!$B$15 | N22: =J22*'Fərziyyələr'!$B$16 | O22: =MAX('Fərziyyələr'!$B$18,I22*'Fərziyyələr'!$B$17) | P22: 0 | Q22: ='Fərziyyələr'!$B$19+300 | R22: =I22*'Fərziyyələr'!$B$9 | S22: =L22+M22+N22+O22+P22+Q22+R22 | T22: =I22-S22 | U22: =U21+T22
A23: 21 | B23: 2028-03 | C23: =C22*(1+'Fərziyyələr'!$B$4) | D23: =C23*'Fərziyyələr'!$B$5 | E23: =E22*(1-'Fərziyyələr'!$B$7)+D23*'Fərziyyələr'!$B$6 | F23: =E23*'Fərziyyələr'!$B$8 | G23: =G22*(1+'Fərziyyələr'!$B$11) | H23: =G23*'Fərziyyələr'!$B$12 | I23: =F23+H23 | J23: 10 | K23: 13800 | L23: =K23*(1+'Fərziyyələr'!$B$13) | M23: ='Fərziyyələr'!$B$14+C23/10000*'Fərziyyələr'!$B$15 | N23: =J23*'Fərziyyələr'!$B$16 | O23: =MAX('Fərziyyələr'!$B$18,I23*'Fərziyyələr'!$B$17) | P23: 0 | Q23: ='Fərziyyələr'!$B$19+300 | R23: =I23*'Fərziyyələr'!$B$9 | S23: =L23+M23+N23+O23+P23+Q23+R23 | T23: =I23-S23 | U23: =U22+T23
A24: 22 | B24: 2028-04 | C24: =C23*(1+'Fərziyyələr'!$B$4) | D24: =C24*'Fərziyyələr'!$B$5 | E24: =E23*(1-'Fərziyyələr'!$B$7)+D24*'Fərziyyələr'!$B$6 | F24: =E24*'Fərziyyələr'!$B$8 | G24: =G23*(1+'Fərziyyələr'!$B$11) | H24: =G24*'Fərziyyələr'!$B$12 | I24: =F24+H24 | J24: 10 | K24: 13800 | L24: =K24*(1+'Fərziyyələr'!$B$13) | M24: ='Fərziyyələr'!$B$14+C24/10000*'Fərziyyələr'!$B$15 | N24: =J24*'Fərziyyələr'!$B$16 | O24: =MAX('Fərziyyələr'!$B$18,I24*'Fərziyyələr'!$B$17) | P24: 0 | Q24: ='Fərziyyələr'!$B$19+300 | R24: =I24*'Fərziyyələr'!$B$9 | S24: =L24+M24+N24+O24+P24+Q24+R24 | T24: =I24-S24 | U24: =U23+T24
A25: 23 | B25: 2028-05 | C25: =C24*(1+'Fərziyyələr'!$B$4) | D25: =C25*'Fərziyyələr'!$B$5 | E25: =E24*(1-'Fərziyyələr'!$B$7)+D25*'Fərziyyələr'!$B$6 | F25: =E25*'Fərziyyələr'!$B$8 | G25: =G24*(1+'Fərziyyələr'!$B$11) | H25: =G25*'Fərziyyələr'!$B$12 | I25: =F25+H25 | J25: 10 | K25: 13800 | L25: =K25*(1+'Fərziyyələr'!$B$13) | M25: ='Fərziyyələr'!$B$14+C25/10000*'Fərziyyələr'!$B$15 | N25: =J25*'Fərziyyələr'!$B$16 | O25: =MAX('Fərziyyələr'!$B$18,I25*'Fərziyyələr'!$B$17) | P25: 0 | Q25: ='Fərziyyələr'!$B$19+300 | R25: =I25*'Fərziyyələr'!$B$9 | S25: =L25+M25+N25+O25+P25+Q25+R25 | T25: =I25-S25 | U25: =U24+T25
A26: 24 | B26: 2028-06 | C26: =C25*(1+'Fərziyyələr'!$B$4) | D26: =C26*'Fərziyyələr'!$B$5 | E26: =E25*(1-'Fərziyyələr'!$B$7)+D26*'Fərziyyələr'!$B$6 | F26: =E26*'Fərziyyələr'!$B$8 | G26: =G25*(1+'Fərziyyələr'!$B$11) | H26: =G26*'Fərziyyələr'!$B$12 | I26: =F26+H26 | J26: 10 | K26: 13800 | L26: =K26*(1+'Fərziyyələr'!$B$13) | M26: ='Fərziyyələr'!$B$14+C26/10000*'Fərziyyələr'!$B$15 | N26: =J26*'Fərziyyələr'!$B$16 | O26: =MAX('Fərziyyələr'!$B$18,I26*'Fərziyyələr'!$B$17) | P26: 0 | Q26: ='Fərziyyələr'!$B$19+300 | R26: =I26*'Fərziyyələr'!$B$9 | S26: =L26+M26+N26+O26+P26+Q26+R26 | T26: =I26-S26 | U26: =U25+T26
A27: 25 | B27: 2028-07 | C27: =C26*(1+'Fərziyyələr'!$B$4) | D27: =C27*'Fərziyyələr'!$B$5 | E27: =E26*(1-'Fərziyyələr'!$B$7)+D27*'Fərziyyələr'!$B$6 | F27: =E27*'Fərziyyələr'!$B$8 | G27: =G26*(1+'Fərziyyələr'!$B$11) | H27: =G27*'Fərziyyələr'!$B$12 | I27: =F27+H27 | J27: 11 | K27: 15300 | L27: =K27*(1+'Fərziyyələr'!$B$13) | M27: ='Fərziyyələr'!$B$14+C27/10000*'Fərziyyələr'!$B$15 | N27: =J27*'Fərziyyələr'!$B$16 | O27: =MAX('Fərziyyələr'!$B$18,I27*'Fərziyyələr'!$B$17) | P27: 1100 | Q27: ='Fərziyyələr'!$B$19+700 | R27: =I27*'Fərziyyələr'!$B$9 | S27: =L27+M27+N27+O27+P27+Q27+R27 | T27: =I27-S27 | U27: =U26+T27
A28: 26 | B28: 2028-08 | C28: =C27*(1+'Fərziyyələr'!$B$4) | D28: =C28*'Fərziyyələr'!$B$5 | E28: =E27*(1-'Fərziyyələr'!$B$7)+D28*'Fərziyyələr'!$B$6 | F28: =E28*'Fərziyyələr'!$B$8 | G28: =G27*(1+'Fərziyyələr'!$B$11) | H28: =G28*'Fərziyyələr'!$B$12 | I28: =F28+H28 | J28: 11 | K28: 15300 | L28: =K28*(1+'Fərziyyələr'!$B$13) | M28: ='Fərziyyələr'!$B$14+C28/10000*'Fərziyyələr'!$B$15 | N28: =J28*'Fərziyyələr'!$B$16 | O28: =MAX('Fərziyyələr'!$B$18,I28*'Fərziyyələr'!$B$17) | P28: 0 | Q28: ='Fərziyyələr'!$B$19+700 | R28: =I28*'Fərziyyələr'!$B$9 | S28: =L28+M28+N28+O28+P28+Q28+R28 | T28: =I28-S28 | U28: =U27+T28
A29: 27 | B29: 2028-09 | C29: =C28*(1+'Fərziyyələr'!$B$4) | D29: =C29*'Fərziyyələr'!$B$5 | E29: =E28*(1-'Fərziyyələr'!$B$7)+D29*'Fərziyyələr'!$B$6 | F29: =E29*'Fərziyyələr'!$B$8 | G29: =G28*(1+'Fərziyyələr'!$B$11) | H29: =G29*'Fərziyyələr'!$B$12 | I29: =F29+H29 | J29: 11 | K29: 15300 | L29: =K29*(1+'Fərziyyələr'!$B$13) | M29: ='Fərziyyələr'!$B$14+C29/10000*'Fərziyyələr'!$B$15 | N29: =J29*'Fərziyyələr'!$B$16 | O29: =MAX('Fərziyyələr'!$B$18,I29*'Fərziyyələr'!$B$17) | P29: 0 | Q29: ='Fərziyyələr'!$B$19+700 | R29: =I29*'Fərziyyələr'!$B$9 | S29: =L29+M29+N29+O29+P29+Q29+R29 | T29: =I29-S29 | U29: =U28+T29
A30: 28 | B30: 2028-10 | C30: =C29*(1+'Fərziyyələr'!$B$4) | D30: =C30*'Fərziyyələr'!$B$5 | E30: =E29*(1-'Fərziyyələr'!$B$7)+D30*'Fərziyyələr'!$B$6 | F30: =E30*'Fərziyyələr'!$B$8 | G30: =G29*(1+'Fərziyyələr'!$B$11) | H30: =G30*'Fərziyyələr'!$B$12 | I30: =F30+H30 | J30: 11 | K30: 15300 | L30: =K30*(1+'Fərziyyələr'!$B$13) | M30: ='Fərziyyələr'!$B$14+C30/10000*'Fərziyyələr'!$B$15 | N30: =J30*'Fərziyyələr'!$B$16 | O30: =MAX('Fərziyyələr'!$B$18,I30*'Fərziyyələr'!$B$17) | P30: 0 | Q30: ='Fərziyyələr'!$B$19+700 | R30: =I30*'Fərziyyələr'!$B$9 | S30: =L30+M30+N30+O30+P30+Q30+R30 | T30: =I30-S30 | U30: =U29+T30
A31: 29 | B31: 2028-11 | C31: =C30*(1+'Fərziyyələr'!$B$4) | D31: =C31*'Fərziyyələr'!$B$5 | E31: =E30*(1-'Fərziyyələr'!$B$7)+D31*'Fərziyyələr'!$B$6 | F31: =E31*'Fərziyyələr'!$B$8 | G31: =G30*(1+'Fərziyyələr'!$B$11) | H31: =G31*'Fərziyyələr'!$B$12 | I31: =F31+H31 | J31: 11 | K31: 15300 | L31: =K31*(1+'Fərziyyələr'!$B$13) | M31: ='Fərziyyələr'!$B$14+C31/10000*'Fərziyyələr'!$B$15 | N31: =J31*'Fərziyyələr'!$B$16 | O31: =MAX('Fərziyyələr'!$B$18,I31*'Fərziyyələr'!$B$17) | P31: 0 | Q31: ='Fərziyyələr'!$B$19+700 | R31: =I31*'Fərziyyələr'!$B$9 | S31: =L31+M31+N31+O31+P31+Q31+R31 | T31: =I31-S31 | U31: =U30+T31
A32: 30 | B32: 2028-12 | C32: =C31*(1+'Fərziyyələr'!$B$4) | D32: =C32*'Fərziyyələr'!$B$5 | E32: =E31*(1-'Fərziyyələr'!$B$7)+D32*'Fərziyyələr'!$B$6 | F32: =E32*'Fərziyyələr'!$B$8 | G32: =G31*(1+'Fərziyyələr'!$B$11) | H32: =G32*'Fərziyyələr'!$B$12 | I32: =F32+H32 | J32: 11 | K32: 15300 | L32: =K32*(1+'Fərziyyələr'!$B$13) | M32: ='Fərziyyələr'!$B$14+C32/10000*'Fərziyyələr'!$B$15 | N32: =J32*'Fərziyyələr'!$B$16 | O32: =MAX('Fərziyyələr'!$B$18,I32*'Fərziyyələr'!$B$17) | P32: 0 | Q32: ='Fərziyyələr'!$B$19+700 | R32: =I32*'Fərziyyələr'!$B$9 | S32: =L32+M32+N32+O32+P32+Q32+R32 | T32: =I32-S32 | U32: =U31+T32
A33: 31 | B33: 2029-01 | C33: =C32*(1+'Fərziyyələr'!$B$4) | D33: =C33*'Fərziyyələr'!$B$5 | E33: =E32*(1-'Fərziyyələr'!$B$7)+D33*'Fərziyyələr'!$B$6 | F33: =E33*'Fərziyyələr'!$B$8 | G33: =G32*(1+'Fərziyyələr'!$B$11) | H33: =G33*'Fərziyyələr'!$B$12 | I33: =F33+H33 | J33: 11 | K33: 15300 | L33: =K33*(1+'Fərziyyələr'!$B$13) | M33: ='Fərziyyələr'!$B$14+C33/10000*'Fərziyyələr'!$B$15 | N33: =J33*'Fərziyyələr'!$B$16 | O33: =MAX('Fərziyyələr'!$B$18,I33*'Fərziyyələr'!$B$17) | P33: 0 | Q33: ='Fərziyyələr'!$B$19+700 | R33: =I33*'Fərziyyələr'!$B$9 | S33: =L33+M33+N33+O33+P33+Q33+R33 | T33: =I33-S33 | U33: =U32+T33
A34: 32 | B34: 2029-02 | C34: =C33*(1+'Fərziyyələr'!$B$4) | D34: =C34*'Fərziyyələr'!$B$5 | E34: =E33*(1-'Fərziyyələr'!$B$7)+D34*'Fərziyyələr'!$B$6 | F34: =E34*'Fərziyyələr'!$B$8 | G34: =G33*(1+'Fərziyyələr'!$B$11) | H34: =G34*'Fərziyyələr'!$B$12 | I34: =F34+H34 | J34: 11 | K34: 15300 | L34: =K34*(1+'Fərziyyələr'!$B$13) | M34: ='Fərziyyələr'!$B$14+C34/10000*'Fərziyyələr'!$B$15 | N34: =J34*'Fərziyyələr'!$B$16 | O34: =MAX('Fərziyyələr'!$B$18,I34*'Fərziyyələr'!$B$17) | P34: 0 | Q34: ='Fərziyyələr'!$B$19+700 | R34: =I34*'Fərziyyələr'!$B$9 | S34: =L34+M34+N34+O34+P34+Q34+R34 | T34: =I34-S34 | U34: =U33+T34
A35: 33 | B35: 2029-03 | C35: =C34*(1+'Fərziyyələr'!$B$4) | D35: =C35*'Fərziyyələr'!$B$5 | E35: =E34*(1-'Fərziyyələr'!$B$7)+D35*'Fərziyyələr'!$B$6 | F35: =E35*'Fərziyyələr'!$B$8 | G35: =G34*(1+'Fərziyyələr'!$B$11) | H35: =G35*'Fərziyyələr'!$B$12 | I35: =F35+H35 | J35: 11 | K35: 15300 | L35: =K35*(1+'Fərziyyələr'!$B$13) | M35: ='Fərziyyələr'!$B$14+C35/10000*'Fərziyyələr'!$B$15 | N35: =J35*'Fərziyyələr'!$B$16 | O35: =MAX('Fərziyyələr'!$B$18,I35*'Fərziyyələr'!$B$17) | P35: 0 | Q35: ='Fərziyyələr'!$B$19+700 | R35: =I35*'Fərziyyələr'!$B$9 | S35: =L35+M35+N35+O35+P35+Q35+R35 | T35: =I35-S35 | U35: =U34+T35
A36: 34 | B36: 2029-04 | C36: =C35*(1+'Fərziyyələr'!$B$4) | D36: =C36*'Fərziyyələr'!$B$5 | E36: =E35*(1-'Fərziyyələr'!$B$7)+D36*'Fərziyyələr'!$B$6 | F36: =E36*'Fərziyyələr'!$B$8 | G36: =G35*(1+'Fərziyyələr'!$B$11) | H36: =G36*'Fərziyyələr'!$B$12 | I36: =F36+H36 | J36: 11 | K36: 15300 | L36: =K36*(1+'Fərziyyələr'!$B$13) | M36: ='Fərziyyələr'!$B$14+C36/10000*'Fərziyyələr'!$B$15 | N36: =J36*'Fərziyyələr'!$B$16 | O36: =MAX('Fərziyyələr'!$B$18,I36*'Fərziyyələr'!$B$17) | P36: 0 | Q36: ='Fərziyyələr'!$B$19+700 | R36: =I36*'Fərziyyələr'!$B$9 | S36: =L36+M36+N36+O36+P36+Q36+R36 | T36: =I36-S36 | U36: =U35+T36
A37: 35 | B37: 2029-05 | C37: =C36*(1+'Fərziyyələr'!$B$4) | D37: =C37*'Fərziyyələr'!$B$5 | E37: =E36*(1-'Fərziyyələr'!$B$7)+D37*'Fərziyyələr'!$B$6 | F37: =E37*'Fərziyyələr'!$B$8 | G37: =G36*(1+'Fərziyyələr'!$B$11) | H37: =G37*'Fərziyyələr'!$B$12 | I37: =F37+H37 | J37: 11 | K37: 15300 | L37: =K37*(1+'Fərziyyələr'!$B$13) | M37: ='Fərziyyələr'!$B$14+C37/10000*'Fərziyyələr'!$B$15 | N37: =J37*'Fərziyyələr'!$B$16 | O37: =MAX('Fərziyyələr'!$B$18,I37*'Fərziyyələr'!$B$17) | P37: 0 | Q37: ='Fərziyyələr'!$B$19+700 | R37: =I37*'Fərziyyələr'!$B$9 | S37: =L37+M37+N37+O37+P37+Q37+R37 | T37: =I37-S37 | U37: =U36+T37
A38: 36 | B38: 2029-06 | C38: =C37*(1+'Fərziyyələr'!$B$4) | D38: =C38*'Fərziyyələr'!$B$5 | E38: =E37*(1-'Fərziyyələr'!$B$7)+D38*'Fərziyyələr'!$B$6 | F38: =E38*'Fərziyyələr'!$B$8 | G38: =G37*(1+'Fərziyyələr'!$B$11) | H38: =G38*'Fərziyyələr'!$B$12 | I38: =F38+H38 | J38: 11 | K38: 15300 | L38: =K38*(1+'Fərziyyələr'!$B$13) | M38: ='Fərziyyələr'!$B$14+C38/10000*'Fərziyyələr'!$B$15 | N38: =J38*'Fərziyyələr'!$B$16 | O38: =MAX('Fərziyyələr'!$B$18,I38*'Fərziyyələr'!$B$17) | P38: 0 | Q38: ='Fərziyyələr'!$B$19+700 | R38: =I38*'Fərziyyələr'!$B$9 | S38: =L38+M38+N38+O38+P38+Q38+R38 | T38: =I38-S38 | U38: =U37+T38
B39: 36 AY CƏMİ | I39: =SUM(I3:I38) | S39: =SUM(S3:S38) | T39: =SUM(T3:T38)

Sheet İllik Xülasə
A1: İLLİK XÜLASƏ / DASHBOARD (USD)
A2: Göstərici | B2: İl 1 (Ay 1-12) | C2: İl 2 (Ay 13-24) | D2: İl 3 (Ay 25-36) | E2: 3 İL CƏMİ
A3: Ümumi gəlir | B3: =SUM('36 Aylıq Maliyyə'!I3:I14) | C3: =SUM('36 Aylıq Maliyyə'!I15:I26) | D3: =SUM('36 Aylıq Maliyyə'!I27:I38) | E3: =SUM(B3:D3)
A4: Abunə gəliri | B4: =SUM('36 Aylıq Maliyyə'!F3:F14) | C4: =SUM('36 Aylıq Maliyyə'!F15:F26) | D4: =SUM('36 Aylıq Maliyyə'!F27:F38) | E4: =SUM(B4:D4)
A5: Komissiya gəliri | B5: =SUM('36 Aylıq Maliyyə'!H3:H14) | C5: =SUM('36 Aylıq Maliyyə'!H15:H26) | D5: =SUM('36 Aylıq Maliyyə'!H27:H38) | E5: =SUM(B5:D5)
A6: Maaş + vergi | B6: =SUM('36 Aylıq Maliyyə'!L3:L14) | C6: =SUM('36 Aylıq Maliyyə'!L15:L26) | D6: =SUM('36 Aylıq Maliyyə'!L27:L38) | E6: =SUM(B6:D6)
A7: Marketinq | B7: =SUM('36 Aylıq Maliyyə'!O3:O14) | C7: =SUM('36 Aylıq Maliyyə'!O15:O26) | D7: =SUM('36 Aylıq Maliyyə'!O27:O38) | E7: =SUM(B7:D7)
A8: Hosting+Software+Stripe | B8: =SUM('36 Aylıq Maliyyə'!M3:M14)+SUM('36 Aylıq Maliyyə'!N3:N14)+SUM('36 Aylıq Maliyyə'!R3:R14) | C8: =SUM('36 Aylıq Maliyyə'!M15:M26)+SUM('36 Aylıq Maliyyə'!N15:N26)+SUM('36 Aylıq Maliyyə'!R15:R26) | D8: =SUM('36 Aylıq Maliyyə'!M27:M38)+SUM('36 Aylıq Maliyyə'!N27:N38)+SUM('36 Aylıq Maliyyə'!R27:R38) | E8: =SUM(B8:D8)
A9: Avadanlıq | B9: =SUM('36 Aylıq Maliyyə'!P3:P14) | C9: =SUM('36 Aylıq Maliyyə'!P15:P26) | D9: =SUM('36 Aylıq Maliyyə'!P27:P38) | E9: =SUM(B9:D9)
A10: İnzibati | B10: =SUM('36 Aylıq Maliyyə'!Q3:Q14) | C10: =SUM('36 Aylıq Maliyyə'!Q15:Q26) | D10: =SUM('36 Aylıq Maliyyə'!Q27:Q38) | E10: =SUM(B10:D10)
A11: Ümumi xərc | B11: =SUM('36 Aylıq Maliyyə'!S3:S14) | C11: =SUM('36 Aylıq Maliyyə'!S15:S26) | D11: =SUM('36 Aylıq Maliyyə'!S27:S38) | E11: =SUM(B11:D11)
A12: NET nəticə | B12: =SUM('36 Aylıq Maliyyə'!T3:T14) | C12: =SUM('36 Aylıq Maliyyə'!T15:T26) | D12: =SUM('36 Aylıq Maliyyə'!T27:T38) | E12: =SUM(B12:D12)
A13: İl sonu yığılmış kassa | B13: ='36 Aylıq Maliyyə'!U14 | C13: ='36 Aylıq Maliyyə'!U26 | D13: ='36 Aylıq Maliyyə'!U38
A14: İl sonu komanda (nəfər) | B14: ='36 Aylıq Maliyyə'!J14 | C14: ='36 Aylıq Maliyyə'!J26 | D14: ='36 Aylıq Maliyyə'!J38
A16: Qeydlər:
A17: • Valyuta USD. Təxmini AZN üçün × 1.70.
A18: • Bütün rəqəmlər «Fərziyyələr» vərəqindəki dəyərlərdən avtomatik hesablanır — orada dəyişiklik et, hər şey yenilənsin.
A19: • Mənfi NET ilk illər normaldır (investisiya mərhələsi); «Yığılmış kassa» runway-i göstərir.
